-- MySQL dump 10.13  Distrib 8.0.30, for Win64 (x86_64)
--
-- Host: localhost    Database: bacson-gps
-- ------------------------------------------------------
-- Server version	8.0.30

/*!40101 SET @OLD_CHARACTER_SET_CLIENT=@@CHARACTER_SET_CLIENT */;
/*!40101 SET @OLD_CHARACTER_SET_RESULTS=@@CHARACTER_SET_RESULTS */;
/*!40101 SET @OLD_COLLATION_CONNECTION=@@COLLATION_CONNECTION */;
/*!50503 SET NAMES utf8mb4 */;
/*!40103 SET @OLD_TIME_ZONE=@@TIME_ZONE */;
/*!40103 SET TIME_ZONE='+00:00' */;
/*!40014 SET @OLD_UNIQUE_CHECKS=@@UNIQUE_CHECKS, UNIQUE_CHECKS=0 */;
/*!40014 SET @OLD_FOREIGN_KEY_CHECKS=@@FOREIGN_KEY_CHECKS, FOREIGN_KEY_CHECKS=0 */;
/*!40101 SET @OLD_SQL_MODE=@@SQL_MODE, SQL_MODE='NO_AUTO_VALUE_ON_ZERO' */;
/*!40111 SET @OLD_SQL_NOTES=@@SQL_NOTES, SQL_NOTES=0 */;

--
-- Table structure for table `opcenters`
--

DROP TABLE IF EXISTS `opcenters`;
/*!40101 SET @saved_cs_client     = @@character_set_client */;
/*!50503 SET character_set_client = utf8mb4 */;
CREATE TABLE `opcenters` (
  `id` bigint unsigned NOT NULL AUTO_INCREMENT,
  `name` varchar(255) COLLATE utf8mb4_unicode_ci NOT NULL,
  `created_at` timestamp NULL DEFAULT NULL,
  `updated_at` timestamp NULL DEFAULT NULL,
  `legacy_group_id` int DEFAULT NULL,
  PRIMARY KEY (`id`),
  UNIQUE KEY `opcenters_legacy_group_id_unique` (`legacy_group_id`)
) ENGINE=InnoDB AUTO_INCREMENT=26 DEFAULT CHARSET=utf8mb4 COLLATE=utf8mb4_unicode_ci;
/*!40101 SET character_set_client = @saved_cs_client */;

--
-- Dumping data for table `opcenters`
--

LOCK TABLES `opcenters` WRITE;
/*!40000 ALTER TABLE `opcenters` DISABLE KEYS */;
INSERT INTO `opcenters` VALUES (1,'Unassigned Devices','2026-05-12 10:48:42','2026-05-12 10:48:42',1),(2,'7Spring','2026-05-12 10:48:43','2026-05-12 10:48:43',2),(3,'SEO','2026-05-12 10:48:43','2026-05-12 10:48:43',3),(4,'St Pete','2026-05-12 10:48:43','2026-05-12 10:48:43',4),(5,'Buena Vista','2026-05-12 10:48:43','2026-05-12 10:48:43',5),(6,'Apopka','2026-05-12 10:48:43','2026-05-12 10:48:43',6),(7,'Lake Wales','2026-05-12 10:48:43','2026-05-12 10:48:43',7),(8,'Deland','2026-05-12 10:48:43','2026-05-12 10:48:43',8),(9,'Highlands','2026-05-12 10:48:43','2026-05-12 10:48:43',9),(10,'Jamestown','2026-05-12 10:48:43','2026-05-12 10:48:43',10),(11,'Longwood','2026-05-12 10:48:43','2026-05-12 10:48:43',11),(12,'Monticello','2026-05-12 10:48:43','2026-05-12 10:48:43',12),(13,'Crawfordville','2026-05-12 10:48:43','2026-05-12 10:48:43',13),(14,'Wildwood','2026-05-12 10:48:43','2026-05-12 10:48:43',14),(15,'Inverness','2026-05-12 10:48:43','2026-05-12 10:48:43',15),(16,'Ocala','2026-05-12 10:48:43','2026-05-12 10:48:43',16),(17,'Odena','2026-05-12 10:48:43','2026-05-12 10:48:43',17),(18,'Brooksville','2026-05-12 10:48:43','2026-05-12 10:48:43',18),(19,'Zephyrhill','2026-05-12 10:48:43','2026-05-12 10:48:43',19),(20,'Eustis','2026-05-12 10:48:43','2026-05-12 10:48:43',20),(21,'Dunnellon','2026-05-12 10:48:43','2026-05-12 10:48:43',21),(22,'Clermont','2026-05-12 10:48:43','2026-05-12 10:48:43',22),(23,'Clearwater','2026-05-12 10:48:43','2026-05-12 10:48:43',23),(24,'Walsingham','2026-05-12 10:48:43','2026-05-12 10:48:43',24),(25,'Winter Garden','2026-05-12 10:48:43','2026-05-12 10:48:43',25);
/*!40000 ALTER TABLE `opcenters` ENABLE KEYS */;
UNLOCK TABLES;

--
-- Table structure for table `devices`
--

DROP TABLE IF EXISTS `devices`;
/*!40101 SET @saved_cs_client     = @@character_set_client */;
/*!50503 SET character_set_client = utf8mb4 */;
CREATE TABLE `devices` (
  `id` bigint unsigned NOT NULL AUTO_INCREMENT,
  `unit_id` varchar(255) COLLATE utf8mb4_unicode_ci NOT NULL,
  `serial` varchar(255) COLLATE utf8mb4_unicode_ci DEFAULT NULL,
  `opcenter_id` bigint unsigned NOT NULL,
  `status` tinyint NOT NULL DEFAULT '1',
  `created_at` timestamp NULL DEFAULT NULL,
  `updated_at` timestamp NULL DEFAULT NULL,
  `note` varchar(255) COLLATE utf8mb4_unicode_ci DEFAULT NULL,
  `legacy_device_id` int DEFAULT NULL,
  PRIMARY KEY (`id`),
  UNIQUE KEY `devices_unit_id_unique` (`unit_id`),
  UNIQUE KEY `devices_legacy_device_id_unique` (`legacy_device_id`),
  KEY `devices_opcenter_id_index` (`opcenter_id`),
  CONSTRAINT `devices_opcenter_id_foreign` FOREIGN KEY (`opcenter_id`) REFERENCES `opcenters` (`id`) ON DELETE CASCADE
) ENGINE=InnoDB AUTO_INCREMENT=784 DEFAULT CHARSET=utf8mb4 COLLATE=utf8mb4_unicode_ci;
/*!40101 SET character_set_client = @saved_cs_client */;

--
-- Dumping data for table `devices`
--

LOCK TABLES `devices` WRITE;
/*!40000 ALTER TABLE `devices` DISABLE KEYS */;
INSERT INTO `devices` VALUES (1,'DE000020','7S21001',2,1,'2026-05-12 10:48:54','2026-05-12 10:48:54',NULL,34),(2,'DE00002b','7S21012',2,1,'2026-05-12 10:48:54','2026-05-12 10:48:54',NULL,59),(3,'DE000068','APK21073',6,1,'2026-05-12 10:48:54','2026-05-12 10:48:54',NULL,60),(4,'DE000052','BV21051',5,1,'2026-05-12 10:48:54','2026-05-12 10:48:54',NULL,61),(5,'DE000050','BV21049',5,1,'2026-05-12 10:48:54','2026-05-12 10:48:54',NULL,62),(6,'DE000062','APK21068',6,1,'2026-05-12 10:48:54','2026-05-12 10:48:54',NULL,63),(7,'DE000077','LW21088',7,1,'2026-05-12 10:48:54','2026-05-12 10:48:54',NULL,64),(8,'DE000071','LW21082',7,1,'2026-05-12 10:48:54','2026-05-12 10:48:54',NULL,65),(9,'DE000074','LW21085',7,1,'2026-05-12 10:48:54','2026-05-12 10:48:54',NULL,66),(10,'DE000075','LW21086',7,1,'2026-05-12 10:48:54','2026-05-12 10:48:54',NULL,67),(11,'DE000078','LW21089',7,1,'2026-05-12 10:48:54','2026-05-12 10:48:54',NULL,68),(12,'DE00007a','LW21091',7,1,'2026-05-12 10:48:54','2026-05-12 10:48:54',NULL,69),(13,'DE00007b','LW21092',7,1,'2026-05-12 10:48:54','2026-05-12 10:48:54',NULL,70),(14,'DE000032','7S21019',2,1,'2026-05-12 10:48:54','2026-05-12 10:48:54',NULL,71),(15,'DE00003a','SPT21027',4,1,'2026-05-12 10:48:54','2026-05-12 10:48:54',NULL,72),(16,'DE000023','7S21004',2,1,'2026-05-12 10:48:54','2026-05-12 10:48:54',NULL,73),(17,'DE000022','7S21003',2,1,'2026-05-12 10:48:54','2026-05-12 10:48:54',NULL,74),(18,'DE000024','7S21005',2,1,'2026-05-12 10:48:54','2026-05-12 10:48:54',NULL,75),(19,'DE000026','7S21007',2,1,'2026-05-12 10:48:54','2026-05-12 10:48:54',NULL,76),(20,'DE000027','7S21008',2,1,'2026-05-12 10:48:54','2026-05-12 10:48:54',NULL,77),(21,'DE000025','7S21006',2,1,'2026-05-12 10:48:54','2026-05-12 10:48:54',NULL,78),(22,'DE00002a','7S21011',2,1,'2026-05-12 10:48:54','2026-05-12 10:48:54',NULL,79),(23,'DE000028','7S21009',2,1,'2026-05-12 10:48:54','2026-05-12 10:48:54',NULL,80),(24,'DE000029','7S21010',2,1,'2026-05-12 10:48:54','2026-05-12 10:48:54',NULL,81),(25,'DE00002c','7S21013',2,1,'2026-05-12 10:48:54','2026-05-12 10:48:54',NULL,82),(26,'DE00002e','7S21015',2,1,'2026-05-12 10:48:54','2026-05-12 10:48:54',NULL,83),(27,'DE00002d','7S21014',2,1,'2026-05-12 10:48:54','2026-05-12 10:48:54',NULL,84),(28,'DE00002f','7S21016',2,1,'2026-05-12 10:48:54','2026-05-12 10:48:54',NULL,85),(29,'DE000035','SPT21022',4,1,'2026-05-12 10:48:54','2026-05-12 10:48:54',NULL,86),(30,'DE000036','SPT21023',4,1,'2026-05-12 10:48:54','2026-05-12 10:48:54',NULL,87),(31,'DE000037','SPT21024',4,1,'2026-05-12 10:48:54','2026-05-12 10:48:54',NULL,88),(32,'DE000034','SPT21021',4,1,'2026-05-12 10:48:54','2026-05-12 10:48:54',NULL,89),(33,'DE000031','7S21018',2,1,'2026-05-12 10:48:54','2026-05-12 10:48:54',NULL,90),(34,'DE000030','7S21017',2,1,'2026-05-12 10:48:54','2026-05-12 10:48:54',NULL,91),(35,'DE000038','SPT21025',4,1,'2026-05-12 10:48:54','2026-05-12 10:48:54',NULL,92),(36,'DE00003b','SPT21028',4,1,'2026-05-12 10:48:54','2026-05-12 10:48:54',NULL,93),(37,'DE000039','SPT21026',4,1,'2026-05-12 10:48:54','2026-05-12 10:48:54',NULL,94),(38,'DE00003e','SPT21031',4,1,'2026-05-12 10:48:54','2026-05-12 10:48:54',NULL,95),(39,'DE00003c','SPT21029',4,1,'2026-05-12 10:48:54','2026-05-12 10:48:54',NULL,96),(40,'DE00003f','SPT21032',4,1,'2026-05-12 10:48:54','2026-05-12 10:48:54',NULL,97),(41,'DE00003d','SPT21030',4,1,'2026-05-12 10:48:54','2026-05-12 10:48:54',NULL,98),(42,'DE000033','7S21020',2,1,'2026-05-12 10:48:54','2026-05-12 10:48:54',NULL,99),(43,'DE00004b','BV21044',5,1,'2026-05-12 10:48:54','2026-05-12 10:48:54',NULL,100),(44,'DE000051','BV21050',5,1,'2026-05-12 10:48:54','2026-05-12 10:48:54',NULL,101),(45,'DE000049','BV21042',5,1,'2026-05-12 10:48:54','2026-05-12 10:48:54',NULL,102),(46,'DE00005b','BV21060',5,1,'2026-05-12 10:48:54','2026-05-12 10:48:54',NULL,103),(47,'DE000043','SPT21036',4,1,'2026-05-12 10:48:54','2026-05-12 10:48:54',NULL,104),(48,'DE000042','SPT21035',4,1,'2026-05-12 10:48:54','2026-05-12 10:48:54',NULL,105),(49,'DE000041','SPT21034',4,1,'2026-05-12 10:48:54','2026-05-12 10:48:54',NULL,106),(50,'DE000040','SPT21033',4,1,'2026-05-12 10:48:54','2026-05-12 10:48:54',NULL,107),(51,'DE000045','SPT21038',4,1,'2026-05-12 10:48:54','2026-05-12 10:48:54',NULL,108),(52,'DE000044','SPT21037',4,1,'2026-05-12 10:48:54','2026-05-12 10:48:54',NULL,109),(53,'DE000046','SPT21039',4,1,'2026-05-12 10:48:54','2026-05-12 10:48:54',NULL,110),(54,'DE000047','SPT21040',4,1,'2026-05-12 10:48:54','2026-05-12 10:48:54',NULL,111),(55,'DE000048','BV21041',5,1,'2026-05-12 10:48:54','2026-05-12 10:48:54',NULL,112),(56,'DE00004a','BV21043',5,1,'2026-05-12 10:48:54','2026-05-12 10:48:54',NULL,113),(57,'DE00004f','BV21048',5,1,'2026-05-12 10:48:54','2026-05-12 10:48:54',NULL,114),(58,'DE00004e','BV21047',5,1,'2026-05-12 10:48:54','2026-05-12 10:48:54',NULL,115),(59,'DE00004d','BV21046',5,1,'2026-05-12 10:48:54','2026-05-12 10:48:54',NULL,116),(60,'DE00004c','BV21045',5,1,'2026-05-12 10:48:54','2026-05-12 10:48:54',NULL,117),(61,'DE000053','BV21052',5,1,'2026-05-12 10:48:54','2026-05-12 10:48:54',NULL,118),(62,'DE000055','BV21054',5,1,'2026-05-12 10:48:54','2026-05-12 10:48:54',NULL,119),(63,'DE000057','BV21056',5,1,'2026-05-12 10:48:54','2026-05-12 10:48:54',NULL,120),(64,'DE000054','BV21053',5,1,'2026-05-12 10:48:54','2026-05-12 10:48:54',NULL,121),(65,'DE000056','BV21055',5,1,'2026-05-12 10:48:54','2026-05-12 10:48:54',NULL,122),(66,'DE000059','BV21058',5,1,'2026-05-12 10:48:54','2026-05-12 10:48:54',NULL,123);
/*!40000 ALTER TABLE `devices` ENABLE KEYS */;
UNLOCK TABLES;

--
-- Table structure for table `device_states`
--

DROP TABLE IF EXISTS `device_states`;
/*!40101 SET @saved_cs_client     = @@character_set_client */;
/*!50503 SET character_set_client = utf8mb4 */;
CREATE TABLE `device_states` (
  `id` bigint unsigned NOT NULL AUTO_INCREMENT,
  `device_id` bigint unsigned NOT NULL,
  `latitude` decimal(10,7) NOT NULL,
  `longitude` decimal(10,7) NOT NULL,
  `last_report_at` timestamp NULL DEFAULT NULL,
  `created_at` timestamp NULL DEFAULT NULL,
  `updated_at` timestamp NULL DEFAULT NULL,
  `power_status` tinyint(1) NOT NULL DEFAULT '0',
  `temperature` double DEFAULT NULL,
  `tool_watch` varchar(255) COLLATE utf8mb4_unicode_ci DEFAULT NULL,
  `firmware_version` varchar(255) COLLATE utf8mb4_unicode_ci DEFAULT NULL,
  `address` text COLLATE utf8mb4_unicode_ci,
  `session_started_at` timestamp NULL DEFAULT NULL,
  `operator` varchar(255) COLLATE utf8mb4_unicode_ci DEFAULT NULL,
  PRIMARY KEY (`id`),
  UNIQUE KEY `device_states_device_id_unique` (`device_id`),
  CONSTRAINT `device_states_device_id_foreign` FOREIGN KEY (`device_id`) REFERENCES `devices` (`id`) ON DELETE CASCADE
) ENGINE=InnoDB AUTO_INCREMENT=784 DEFAULT CHARSET=utf8mb4 COLLATE=utf8mb4_unicode_ci;
/*!40101 SET character_set_client = @saved_cs_client */;

--
-- Dumping data for table `device_states`
--

LOCK TABLES `device_states` WRITE;
/*!40000 ALTER TABLE `device_states` DISABLE KEYS */;
INSERT INTO `device_states` VALUES (1,1,28.2229500,-82.7401890,'2026-01-09 12:18:06','2026-05-12 10:49:45','2026-05-12 10:49:45',1,125,'25919','1.0.5.2','4463 Tucker Square, New Port Richey','2026-01-02 07:13:05',NULL),(2,2,28.1177730,-82.7721710,'2025-12-29 10:48:58','2026-05-12 10:49:45','2026-05-12 10:49:45',1,121,'25911','1.0.5.2','35 Baywood Dr, Palm Harbor','2025-12-28 16:44:17',NULL),(3,3,27.7938310,-82.6665500,'2026-04-24 12:33:50','2026-05-12 10:49:45','2026-05-12 10:49:45',0,103,'25979','1.0.8','2434 24th Ave N, St. Petersburg','2026-04-24 11:57:42',NULL),(4,4,28.3482340,-81.4135210,'2021-07-08 15:00:00','2026-05-12 10:49:45','2026-05-12 10:49:45',1,111.2,'25957','1.0.5.2','14826 Lone Eagle Dr, Orlando, FL 32837, USA','2021-07-08 05:22:25',NULL),(5,5,27.7942430,-82.6669920,'2025-02-18 13:03:10','2026-05-12 10:49:45','2026-05-12 10:49:45',1,109,'25955','1.0.5.2','2480 25th St N, St. Petersburg','2025-02-18 13:03:10',NULL),(6,6,27.7941320,-82.6669080,'2026-01-06 13:07:32','2026-05-12 10:49:45','2026-05-12 10:49:45',1,91,'25974','1.0.5.2','GSM: 1645 24th Ave N, St. Petersburg','2026-01-06 13:07:32',NULL),(7,7,27.7943000,-82.6668620,'2025-02-03 08:49:41','2026-05-12 10:49:45','2026-05-12 10:49:45',1,89,'25994','1.0.5.2','2500 25th St N, St. Petersburg','2025-02-03 08:49:41',NULL),(8,8,27.7938630,-82.6671220,'2025-09-08 10:42:20','2026-05-12 10:49:45','2026-05-12 10:49:45',0,117,'25988','1.0.5.2','GSM: 1645 24th Ave N, St. Petersburg','2025-09-08 10:42:20',NULL),(9,9,28.1647380,-81.4817730,'2022-06-21 03:29:11','2026-05-12 10:49:45','2026-05-12 10:49:45',1,101,'25991','1.0.5.2','124 Mediterranean Ct, Kissimmee','2022-06-21 03:29:11',NULL),(10,10,28.3938270,-81.5341340,'2025-07-04 05:13:28','2026-05-12 10:49:45','2026-05-12 10:49:45',0,94,'25993','2.0.1','3250 Bonnet Creek Rd, Lake Buena Vista','2025-06-11 23:19:57',NULL),(11,11,28.3940050,-81.5344390,'2024-11-05 00:29:02','2026-05-12 10:49:45','2026-05-12 10:49:45',0,89,'25995','2.0.1','9FV8+J6 Lake Buena Vista, FL','2024-10-11 18:01:06',NULL),(12,12,27.7941280,-82.6668090,'2024-12-16 19:35:03','2026-05-12 10:49:45','2026-05-12 10:49:45',0,104,'25997','2.0.1','GSM: CF6J+RQ Lake Buena Vista, FL','2024-12-09 11:28:58',NULL),(13,13,28.5563070,-81.8153920,'2025-12-19 14:52:10','2026-05-12 10:49:45','2026-05-12 10:49:45',0,99,'25998','1.0.5.4','702 Lake Douglas Dr, Groveland','2025-12-19 14:52:10',NULL),(14,14,28.2193200,-82.6690440,'2025-10-02 13:19:54','2026-05-12 10:49:45','2026-05-12 10:49:45',1,112,'25921','1.0.5.2','GSM: 7CG6+RC Moon Lake, FL','2022-06-18 03:00:53',NULL),(15,15,27.6332360,-82.5591890,'2025-10-15 11:45:43','2026-05-12 10:49:45','2026-05-12 10:49:45',1,157,'25933','1.0.8.0','GSM: 7680 Paradise Pointe Cir S, St. Petersburg','2025-09-29 09:07:41',NULL),(16,16,28.2417530,-82.7401200,'2025-10-28 05:45:58','2026-05-12 10:49:45','2026-05-12 10:49:45',1,115,'25918','1.0.5.2','4449 Rickover Ct, New Port Richey','2025-10-20 15:08:34',NULL),(17,17,28.2058600,-82.4550480,'2024-09-12 21:02:31','2026-05-12 10:49:45','2026-05-12 10:49:45',1,111,'25916','1.0.5.2','GSM: 2324 Reserve Ct, Land O  Lakes','2024-08-28 15:27:47',NULL),(18,18,28.2090450,-82.6922680,'2024-10-14 11:29:22','2026-05-12 10:49:45','2026-05-12 10:49:45',0,144,'25910','1.0.5.4','7401 Ivory Terrace, New Port Richey','2024-10-08 23:55:44',NULL),(19,19,28.2639770,-82.4781570,'2025-04-20 20:10:00','2026-05-12 10:49:45','2026-05-12 10:49:45',1,105,'25912','1.0.5.2','GSM: 2HQH+X6 Tampa, FL','2023-06-24 20:34:48',NULL),(20,20,28.2073900,-82.6517260,'2025-12-19 04:53:04','2026-05-12 10:49:45','2026-05-12 10:49:45',1,113,'25907','1.0.5.2','3319 Player Dr, New Port Richey','2025-09-24 23:09:40',NULL),(21,21,27.7878210,-82.7115100,'2026-01-16 21:04:46','2026-05-12 10:49:45','2026-05-12 10:49:45',1,94,'25909','1.0.8.0','5728 17th Ave N, St. Petersburg','2025-06-22 05:10:40',NULL),(22,22,28.2329790,-82.2032550,'2025-01-13 11:02:41','2026-05-12 10:49:45','2026-05-12 10:49:45',0,89,'25908','1.0.5.2','37056 Sandra Ave, Zephyrhills','2025-01-13 11:02:41',NULL),(23,23,27.7949220,-82.6655580,'2025-10-21 21:06:49','2026-05-12 10:49:45','2026-05-12 10:49:45',0,94,'25917','1.0.5.2','2450 25th St N, St. Petersburg','2025-10-21 21:06:49',NULL),(24,24,27.7941760,-82.6668850,'2025-09-24 18:07:51','2026-05-12 10:49:45','2026-05-12 10:49:45',0,91,'25914','2.0.1','2480 25th St N, St. Petersburg','2025-09-22 10:02:29',NULL),(25,25,28.2661060,-82.7113270,'2025-11-25 14:47:02','2026-05-12 10:49:45','2026-05-12 10:49:45',0,101,'25913','1.0.5.2','GSM: 7CG6+RC Moon Lake, FL','2025-09-18 10:02:10',NULL),(26,26,28.1771640,-82.7226870,'2025-09-13 07:54:21','2026-05-12 10:49:45','2026-05-12 10:49:45',1,125,'25920','1.0.5.2','5532 Mosaic Dr, Holiday','2025-07-29 03:29:48',NULL),(27,27,28.2296710,-82.1711880,'2025-03-03 23:40:11','2026-05-12 10:49:45','2026-05-12 10:49:45',1,105,'25924','1.0.5.2','39014 South Ave, Zephyrhills','2025-03-03 17:38:41',NULL),(28,28,28.2193490,-82.6693190,'2025-10-04 09:34:20','2026-05-12 10:49:45','2026-05-12 10:49:45',0,101,'25923','1.0.5.2','4115 St Lawrence Dr, New Port Richey','2025-09-30 17:39:11',NULL),(29,29,27.9781460,-82.7479170,'2025-11-04 15:41:32','2026-05-12 10:49:45','2026-05-12 10:49:45',0,94,'25928','2.0.1','2121 Range Rd, Clearwater','2025-10-15 16:10:59',NULL),(30,30,27.7943800,-82.6111980,'2026-01-27 02:32:24','2026-05-12 10:49:45','2026-05-12 10:49:45',1,90,'25929','1.0.5.2','401 Cordova Blvd NE, St. Petersburg','2025-12-30 03:46:31',NULL),(31,31,27.8086550,-82.6490250,'2024-10-10 10:07:50','2026-05-12 10:49:45','2026-05-12 10:49:45',0,100,'25930','1.0.5.2','1033 40th Ave N, St. Petersburg','2024-10-10 10:07:50',NULL),(32,32,28.0333250,-82.7275090,'2025-01-10 05:42:58','2026-05-12 10:49:45','2026-05-12 10:49:45',1,94,'25927','1.0.8.0','2662 Pebble Beach Dr, Clearwater','2024-10-09 22:13:04',NULL),(33,33,28.1620240,-82.7879870,'2025-09-05 20:50:51','2026-05-12 10:49:45','2026-05-12 10:49:45',0,101,'25925','1.0.5.2','GSM: 2HQH+X6 Tampa, FL','2025-09-03 04:48:28',NULL),(34,34,27.7941400,-82.6668930,'2025-11-03 15:05:29','2026-05-12 10:49:45','2026-05-12 10:49:45',0,98,'25926','1.0.5.2','2480 25th St N, St. Petersburg','2025-11-03 07:09:25',NULL),(35,35,28.0168950,-82.7245410,'2024-07-29 03:35:42','2026-05-12 10:49:45','2026-05-12 10:49:45',1,126,'25931','1.0.8.0','GSM: 7CG6+RC Moon Lake Estates, FL','2024-07-10 15:02:53',NULL),(36,36,27.7953620,-82.6661610,'2025-08-11 06:09:06','2026-05-12 10:49:45','2026-05-12 10:49:45',0,94,'25934','2.0.1','2450 25th St N, St. Petersburg','2025-07-16 00:02:53',NULL),(37,37,27.7958660,-82.6663060,'2025-12-24 12:58:19','2026-05-12 10:49:45','2026-05-12 10:49:45',0,109,'25932','1.0.5.2','2450 24th St N, St. Petersburg','2025-12-18 12:44:10',NULL),(38,38,27.7435630,-82.7149730,'2024-09-26 13:24:24','2026-05-12 10:49:45','2026-05-12 10:49:45',1,131,'25937','1.0.8.0','GSM: 3216 61st St E, Palmetto','2024-09-04 00:35:50',NULL),(39,39,27.8871250,-82.7113950,'2025-04-18 08:29:27','2026-05-12 10:49:45','2026-05-12 10:49:45',0,100,'25935','1.0.5.2','GSM: 3216 61st St E, Palmetto','2025-03-14 01:18:10',NULL),(40,40,27.8201220,-82.6124340,'2026-01-02 19:19:04','2026-05-12 10:49:45','2026-05-12 10:49:45',0,101,'25938','1.0.8.0','1401 52nd Ave NE, St. Petersburg','2025-12-31 11:17:19',NULL),(41,41,27.9873770,-82.7436220,'2026-03-01 13:19:05','2026-05-12 10:49:45','2026-05-12 10:49:45',1,128,'25936','1.0.5.4','1828 Stetson Dr, Clearwater','2026-02-28 09:19:40',NULL),(42,42,27.7941930,-82.6668470,'2025-01-25 16:47:10','2026-05-12 10:49:45','2026-05-12 10:49:45',0,85,'25922','1.0.5.2','2480 25th St N, St. Petersburg','2025-01-24 00:49:11',NULL),(43,43,28.2376500,-82.7392120,'2026-01-28 10:50:09','2026-05-12 10:49:45','2026-05-12 10:49:45',1,107,'25950','1.0.5.2','GSM: 3216 61st St E, Palmetto','2025-02-08 17:53:28',NULL),(44,44,28.6346720,-81.7871250,'2025-10-16 18:36:26','2026-05-12 10:49:45','2026-05-12 10:49:45',1,121,'25956','1.0.8.0','20005 US-27, Clermont','2025-10-12 04:49:47',NULL),(45,45,28.3939610,-81.5346530,'2021-03-31 11:10:12','2026-05-12 10:49:45','2026-05-12 10:49:45',1,102.56,'25948','1.0.5.2','3250 Bonnet Creek Rd, Lake Buena Vista, FL 32830, USA','2021-03-31 11:10:12',NULL),(46,46,28.3940140,-81.5342940,'2024-09-20 04:20:55','2026-05-12 10:49:45','2026-05-12 10:49:45',1,100,'25966','1.0.6','GSM: 1645 24th Ave N, St. Petersburg','2024-09-20 04:20:55',NULL),(47,47,27.8154870,-82.5904310,'2025-12-25 09:12:21','2026-05-12 10:49:45','2026-05-12 10:49:45',1,116,'25942','1.0.8.0','1985 Carolina Ave NE, St. Petersburg','2025-12-12 14:45:26',NULL),(48,48,27.8501300,-82.6872410,'2025-07-20 15:25:39','2026-05-12 10:49:45','2026-05-12 10:49:45',1,144,'25941','1.0.8.0','82424 New Cir Dr, Pinellas Park','2025-07-11 13:24:50',NULL),(49,49,27.7958260,-82.6663280,'2026-02-27 19:37:19','2026-05-12 10:49:45','2026-05-12 10:49:45',0,84,'25940','1.0.5.2','2450 24th St N, St. Petersburg','2026-01-15 15:25:00',NULL),(50,50,27.8696400,-82.6871720,'2025-12-30 22:48:10','2026-05-12 10:49:45','2026-05-12 10:49:45',1,76,'25939','1.0.8.0','3957 107th Ave N, Clearwater','2025-12-30 22:48:10',NULL),(51,51,27.7945160,-82.6669460,'2025-02-27 14:04:20','2026-05-12 10:49:45','2026-05-12 10:49:45',0,106,'25944','1.0.5.2','GSM: 6701 23rd St N, St. Petersburg','2025-02-27 14:04:20',NULL),(52,52,27.8706420,-82.8500440,'2022-07-28 11:04:44','2026-05-12 10:49:45','2026-05-12 10:49:45',1,125,'25943','1.0.8.0','3015 56th Ave E, Ellenton','2022-07-20 17:52:03',NULL),(53,53,28.0163360,-82.7515790,'2026-03-30 08:39:57','2026-05-12 10:49:45','2026-05-12 10:49:45',1,125,'25945','1.0.8.0','2608 Cedarglen Dr, Dunedin','2026-03-05 10:47:52',NULL),(54,54,28.7033310,-81.2042240,'2026-04-25 10:38:40','2026-05-12 10:49:45','2026-05-12 10:49:45',0,99,'25946','2.0.1','2360 Black Hammock Rd, Oviedo','2026-04-25 10:23:23',NULL),(55,55,28.3719370,-81.4199370,'2026-03-27 09:18:07','2026-05-12 10:49:45','2026-05-12 10:49:45',1,132,'25947','1.0.8.0','13307 Heron Cove Dr, Orlando','2024-05-14 20:05:41',NULL),(56,56,27.7942580,-82.6670000,'2025-03-18 12:29:04','2026-05-12 10:49:45','2026-05-12 10:49:45',1,85,'25949','2.0.1','2500 25th St N, St. Petersburg','2025-03-18 12:29:04',NULL),(57,57,28.4651790,-81.5028230,'2024-11-25 19:32:53','2026-05-12 10:49:45','2026-05-12 10:49:45',1,109,'25954','1.0.8.0','SIM: N/A use Coordinate','2024-11-10 11:04:30',NULL),(58,58,28.5002270,-81.6431120,'2026-04-24 19:19:51','2026-05-12 10:49:45','2026-05-12 10:49:45',0,92,'25953','2.0.1','17217 Sandhill Rd, Winter Garden','2026-04-24 19:19:51',NULL),(59,59,28.4914670,-81.5938640,'2024-09-07 22:55:11','2026-05-12 10:49:45','2026-05-12 10:49:45',1,124,'25952','1.0.8.0','5131 Beach River Rd, Windermere','2024-09-04 22:20:22',NULL),(60,60,28.3939290,-81.5345150,'2024-11-06 23:32:58','2026-05-12 10:49:45','2026-05-12 10:49:45',0,95,'25951','1.0.5.2','3250 Bonnet Creek Rd, Lake Buena Vista','2024-10-31 14:52:10',NULL),(61,61,28.1874030,-81.6260830,'2026-01-15 07:11:06','2026-05-12 10:49:45','2026-05-12 10:49:45',1,106,'25958','1.0.8.0','523 Cadiz Dr, Davenport','2026-01-03 17:18:48',NULL),(62,62,28.4032550,-81.4244690,'2026-04-14 05:59:13','2026-05-12 10:49:45','2026-05-12 10:49:45',1,125,'25960','1.0.8.0','3405 Burlington Dr, Orlando','2026-04-01 15:32:11',NULL),(63,63,28.6997390,-81.4273530,'2024-10-21 08:17:08','2026-05-12 10:49:45','2026-05-12 10:49:45',0,126,'25962','1.0.5.2','16 Green Lake Cir, Longwood','2024-10-11 12:33:21',NULL),(64,64,28.9086300,-81.3139720,'2026-01-07 16:46:51','2026-05-12 10:49:45','2026-05-12 10:49:45',1,121,'25959','1.0.5.2','300 La Creek Ct, DeBary','2025-12-26 21:49:53',NULL),(65,65,27.7942330,-82.6669620,'2026-02-16 12:04:10','2026-05-12 10:49:45','2026-05-12 10:49:45',1,94,'25961','1.0.5.2','2480 25th St N, St. Petersburg','2026-02-16 12:04:10',NULL),(66,66,27.9238680,-81.5918810,'2024-04-05 03:53:11','2026-05-12 10:49:45','2026-05-12 10:49:45',1,94,'25964','1.0.6','GSM: 1645 24th Ave N, St. Petersburg','2024-04-05 03:53:11',NULL),(67,67,27.7941610,-82.6667630,'2025-05-12 07:12:27','2026-05-12 10:49:45','2026-05-12 10:49:45',1,113,'25963','1.0.6','2440 25th St N, St. Petersburg','2025-05-12 07:12:27',NULL),(68,68,28.4558640,-81.5057680,'2026-03-23 04:35:54','2026-05-12 10:49:45','2026-05-12 10:49:45',1,111,'25965','1.0.8.0','6215 Donegal Dr, Orlando','2026-03-15 14:26:16',NULL),(69,69,28.6904260,-81.4027180,'2026-04-29 10:12:35','2026-05-12 10:49:45','2026-05-12 10:49:45',1,134,'25968','1.0.8','151 Crown Point Cir, Longwood','2026-04-29 04:11:20',NULL),(70,70,29.0583110,-81.3547520,'2026-02-13 10:46:26','2026-05-12 10:49:45','2026-05-12 10:49:45',0,94,'25967','2.0.1','2045 Highland Park Rd, DeLand','2026-02-12 18:42:28',NULL),(71,71,28.6275020,-81.2423480,'2024-10-08 11:11:06','2026-05-12 10:49:45','2026-05-12 10:49:45',0,117,'25970','1.0.7.1','GSM: VWV5+6J Wiggins, MS','2024-10-08 02:56:41',NULL),(72,72,28.9957450,-81.2533950,'2025-10-09 19:55:09','2026-05-12 10:49:45','2026-05-12 10:49:45',1,121,'25969','1.0.8','1608 Victoria Gardens Dr, DeLand','2025-10-02 11:45:33',NULL),(73,73,28.4579910,-81.2609710,'2025-09-24 15:02:49','2026-05-12 10:49:45','2026-05-12 10:49:45',0,105,'25971','1.0.8.0','7307 Windham Harbour Ave, Orlando','2025-09-24 15:02:49',NULL),(74,74,28.6270640,-81.2423320,'2025-10-22 07:29:20','2026-05-12 10:49:45','2026-05-12 10:49:45',0,90,'25972','1.0.5.2','2801 W State Rd 426, Oviedo','2025-10-22 07:29:20',NULL),(75,75,28.6704880,-81.4066310,'2026-04-29 15:10:21','2026-05-12 10:49:45','2026-05-12 10:49:45',1,136,'25973','1.0.8','505 Spring Oaks Blvd, Altamonte Springs','2026-04-25 14:16:05',NULL),(76,76,27.7949390,-82.6655730,'2024-10-21 15:59:21','2026-05-12 10:49:45','2026-05-12 10:49:45',0,106,'25976','1.0.8','2450 25th St N, St. Petersburg','2024-10-21 07:59:10',NULL),(77,77,28.8719160,-81.6933290,'2026-03-25 23:42:14','2026-05-12 10:49:45','2026-05-12 10:49:45',1,115,'25977','1.0.6','121 Frosti Wy, Eustis','2026-03-12 04:31:35',NULL),(78,78,28.7317430,-81.5178530,'2024-10-05 14:43:48','2026-05-12 10:49:45','2026-05-12 10:49:45',0,108,'25975','1.0.8','3120 Carmona Rd, Apopka','2024-08-01 08:01:53',NULL),(79,79,28.6825200,-81.3442080,'2025-10-11 21:29:41','2026-05-12 10:49:45','2026-05-12 10:49:45',0,87,'25978','1.0.8','150 Progress Energy Way, Longwood','2025-10-03 21:39:11',NULL),(80,80,28.7322390,-81.5123060,'2023-05-21 13:30:27','2026-05-12 10:49:45','2026-05-12 10:49:45',1,151,'25984','1.0.5.2','GSM: 4300 Marion County Rd, Lady Lake','2023-04-28 05:21:03',NULL),(81,81,28.7033500,-81.2044450,'2026-04-27 06:31:24','2026-05-12 10:49:45','2026-05-12 10:49:45',0,107,'25983','2.0.1','GSM: 2401 Wellington Blvd, Winter Park','2026-04-26 14:13:35',NULL),(82,82,27.7949580,-82.6656040,'2025-03-27 13:00:08','2026-05-12 10:49:45','2026-05-12 10:49:45',0,117,'25985','2.0.1','2450 25th St N, St. Petersburg','2025-03-10 12:02:08',NULL),(83,83,28.6276530,-81.2405470,'2025-07-04 07:39:49','2026-05-12 10:49:45','2026-05-12 10:49:45',0,104,'25986','1.0.8.0','3133 Security Ave, Oviedo','2025-07-04 07:39:49',NULL),(84,84,28.7170700,-81.5660550,'2025-07-15 03:54:11','2026-05-12 10:49:45','2026-05-12 10:49:45',1,121,'25980','1.0.5.2','3403 Button Bush Dr, Zellwood','2025-06-30 04:10:51',NULL),(85,85,28.6837600,-81.1979680,'2025-12-18 23:00:19','2026-05-12 10:49:45','2026-05-12 10:49:45',1,126,'25981','1.0.8.0','983 Country Charm Cir, Oviedo','2025-11-26 23:41:26',NULL),(86,86,28.6505240,-81.4737320,'2026-01-17 07:19:07','2026-05-12 10:49:45','2026-05-12 10:49:45',1,94,'25982','2.0.1','1951 Grasmere Dr, Apopka','2025-11-07 07:46:10',NULL),(87,87,28.3109740,-82.6744770,'2025-12-25 19:36:41','2026-05-12 10:49:45','2026-05-12 10:49:45',1,86,'25915','1.0.5.2','10541 Springwood Dr, Port Richey','2025-12-25 19:36:41',NULL),(88,88,28.1238520,-81.4718020,'2025-11-07 12:00:16','2026-05-12 10:49:45','2026-05-12 10:49:45',0,98,'25989','1.0.5.4','GSM: 1645 24th Ave N, St. Petersburg','2025-11-07 12:00:16',NULL),(89,89,27.7940160,-82.6672210,'2025-03-10 11:09:10','2026-05-12 10:49:45','2026-05-12 10:49:45',0,96,'25987','2.0.1','2440 25th St N, St. Petersburg','2025-03-10 11:09:10',NULL),(90,90,28.1617580,-81.4720380,'2024-08-08 11:07:38','2026-05-12 10:49:45','2026-05-12 10:49:45',0,127,'25990','2.0.1','319 Ferrara Ct, Kissimmee','2024-08-08 10:53:19',NULL),(91,91,28.5548460,-81.5983200,'2024-03-31 00:06:32','2026-05-12 10:49:45','2026-05-12 10:49:45',1,106,'25992','1.0.5.2','SIM: N/A use Coordinate','2023-01-10 14:34:39',NULL),(92,92,28.6223550,-81.5304110,'2023-06-07 19:27:05','2026-05-12 10:49:45','2026-05-12 10:49:45',1,119,'25999','1.0.5.2','3745 Apopka Ridge Cir, Apopka','2023-06-06 01:16:53',NULL),(93,93,28.5461350,-82.4054340,'2025-07-20 13:33:17','2026-05-12 10:49:45','2026-05-12 10:49:45',1,138,'26001','1.0.8.0','940 Coachlight Ln, Brooksville','2024-09-25 10:33:04',NULL),(94,94,28.9731160,-81.2715990,'2026-04-29 14:58:44','2026-05-12 10:49:45','2026-05-12 10:49:45',1,139,'26002','2.0.1','105 Asterbrooke Dr, DeLand','2026-03-27 11:05:16',NULL),(95,95,34.9220890,-81.0813900,'2022-08-15 16:19:04','2026-05-12 10:49:45','2026-05-12 10:49:45',0,122,'N/A','2.0.1','1505 Highcrest Way, Rock Hill','2022-08-15 16:19:04',NULL),(96,96,27.7950000,-82.6655730,'2025-02-13 22:15:23','2026-05-12 10:49:45','2026-05-12 10:49:45',0,88,'25996','1.0.5.2','2450 25th St N, St. Petersburg','2025-02-06 14:10:58',NULL),(97,97,29.0326900,-81.3257450,'2026-04-29 15:50:25','2026-05-12 10:49:45','2026-05-12 10:49:45',0,105,'26003','2.0.1','394 N Spring Garden Ave, DeLand','2026-04-15 15:40:46',NULL),(98,98,27.7941590,-82.6669160,'2026-01-21 06:45:33','2026-05-12 10:49:45','2026-05-12 10:49:45',1,81,'26004','2.0.1','2480 25th St N, St. Petersburg','2026-01-21 06:45:33',NULL),(99,99,29.0326250,-81.3258130,'2025-10-27 00:44:21','2026-05-12 10:49:45','2026-05-12 10:49:45',0,86,'26006','1.0.5.4','394 N Spring Garden Ave, DeLand','2025-10-19 08:58:40',NULL),(100,100,29.0542930,-81.1969680,'2026-01-15 03:02:10','2026-05-12 10:49:45','2026-05-12 10:49:45',1,101,'26007','1.0.8','3R33+P6 Valle, FL','2026-01-07 12:22:01',NULL),(101,101,27.7940390,-82.6668470,'2024-10-01 10:06:58','2026-05-12 10:49:45','2026-05-12 10:49:45',1,106,'26021','1.0.5.2','2440 25th St N, St. Petersburg','2024-10-01 10:06:58',NULL),(102,102,27.5322480,-81.5075380,'2024-09-30 05:54:12','2026-05-12 10:49:45','2026-05-12 10:49:45',1,110,'26022','1.0.5.2','GSM: 1645 24th Ave N, St. Petersburg','2024-04-23 05:55:11',NULL),(103,103,28.3919720,-81.4072570,'2024-11-23 03:41:40','2026-05-12 10:49:45','2026-05-12 10:49:45',1,96,'26023','1.0.5.2','2125 Allspice Ave, Orlando','2024-11-22 21:40:10',NULL),(104,104,27.2429450,-81.3264690,'2024-04-19 15:27:01','2026-05-12 10:49:45','2026-05-12 10:49:45',0,149,'26024','1.0.5.2','GSM: 422 Ballyshannon Dr, Davenport','2024-04-19 15:27:01',NULL),(105,105,28.6273290,-81.2424700,'2025-07-26 21:19:06','2026-05-12 10:49:45','2026-05-12 10:49:45',0,101,'26009','2.0.1','2801 W State Rd 426, Oviedo','2025-07-11 13:26:08',NULL),(106,106,28.7035310,-81.2040860,'2026-04-25 10:40:49','2026-05-12 10:49:45','2026-05-12 10:49:45',0,102,'26010','2.0.1','2358 Black Hammock Rd, Oviedo','2026-04-25 10:25:12',NULL),(107,107,27.7941320,-82.6668620,'2024-10-23 09:48:49','2026-05-12 10:49:45','2026-05-12 10:49:45',1,118,'26025','1.0.5.2','2360 25th St N, St. Petersburg','2024-10-23 09:48:49',NULL),(108,108,27.7941250,-82.6668240,'2025-03-29 04:33:27','2026-05-12 10:49:45','2026-05-12 10:49:45',0,87,'26028','2.0.1','2360 25th St N, St. Petersburg','2025-03-28 12:35:41',NULL),(109,109,28.0249560,-81.6422200,'2024-11-07 09:06:51','2026-05-12 10:49:45','2026-05-12 10:49:45',1,105,'26027','1.0.5.2','1062 Heartwood Cypress Dr, Winter Haven','2024-11-07 09:06:51',NULL),(110,110,28.6824380,-81.3441240,'2026-04-08 23:51:42','2026-05-12 10:49:45','2026-05-12 10:49:45',0,82,'26011','1.0.6','150 Progress Energy Way, Longwood','2026-04-08 07:47:20',NULL),(111,111,27.7941680,-82.6668620,'2025-10-15 11:55:33','2026-05-12 10:49:45','2026-05-12 10:49:45',1,108,'26029','1.0.5.2','2480 25th St N, St. Petersburg','2025-10-15 11:55:33',NULL),(112,112,28.8857860,-82.0316390,'2024-10-09 11:17:33','2026-05-12 10:49:45','2026-05-12 10:49:45',0,105,'26030','1.0.5.4','GSM: 422 Ballyshannon Dr, Davenport','2024-10-04 18:58:11',NULL),(113,113,27.4840740,-81.4119030,'2025-01-15 17:35:42','2026-05-12 10:49:45','2026-05-12 10:49:45',0,82,'26026','1.0.5.2','4750 Kenilworth Blvd, Sebring','2025-01-15 17:35:42',NULL),(114,114,27.7942300,-82.6668170,'2024-09-13 11:17:50','2026-05-12 10:49:45','2026-05-12 10:49:45',1,97,'26014','1.0.8','2500 25th St N, St. Petersburg','2024-09-13 11:17:50',NULL),(115,115,27.7942330,-82.6668550,'2025-12-17 16:46:32','2026-05-12 10:49:45','2026-05-12 10:49:45',0,86,'26016','2.0.1','2480 25th St N, St. Petersburg','2025-12-16 08:44:27',NULL),(116,116,28.6396120,-81.1783220,'2024-07-10 05:45:58','2026-05-12 10:49:45','2026-05-12 10:49:45',1,127,'26013','1.0.5.2','1214 Moses Creek Ct, Oviedo','2023-02-02 11:53:43',NULL),(117,117,27.7941990,-82.6658400,'2024-06-24 12:16:47','2026-05-12 10:49:45','2026-05-12 10:49:45',0,112,'26012','2.0.1','2450 25th St N, St. Petersburg','2024-06-21 12:19:50',NULL),(118,118,28.7334710,-81.3203890,'2025-03-11 10:28:27','2026-05-12 10:49:45','2026-05-12 10:49:45',1,100,'26015','1.0.6','GSM: 1645 24th Ave N, St. Petersburg','2024-10-13 11:24:33',NULL),(119,119,27.7943670,-82.6669850,'2023-08-08 10:05:26','2026-05-12 10:49:45','2026-05-12 10:49:45',1,89,'26017','2.0.1','2500 25th St N, St. Petersburg','2023-08-08 10:05:26',NULL),(120,120,28.5581990,-81.2557600,'2025-11-24 18:49:57','2026-05-12 10:49:45','2026-05-12 10:49:45',1,123,'26018','1.0.6','9414 Brackin St, Orlando','2025-10-11 21:27:02',NULL),(121,121,27.7940160,-82.6668620,'2024-04-11 10:59:00','2026-05-12 10:49:45','2026-05-12 10:49:45',0,100,'26019','2.0.1','2440 25th St N, St. Petersburg','2024-04-11 10:59:00',NULL),(122,122,28.7162590,-81.3314290,'2024-11-08 20:40:07','2026-05-12 10:49:45','2026-05-12 10:49:45',1,119,'26031','1.0.8.0','767 Meadowlark Ct, Longwood','2024-11-07 14:29:10',NULL),(123,123,28.4461560,-81.3485110,'2022-08-22 18:31:04','2026-05-12 10:49:45','2026-05-12 10:49:45',0,103,'26032','1.0.8','8407 Boggy Creek Rd, Orlando','2022-07-29 20:55:40',NULL),(124,124,27.7937790,-82.6670150,'2024-09-05 11:47:03','2026-05-12 10:49:45','2026-05-12 10:49:45',1,106,'26020','2.0.1','2400 25th St N, St. Petersburg','2024-09-05 11:47:03',NULL),(125,125,27.7940920,-82.6668780,'2026-02-12 12:17:40','2026-05-12 10:49:45','2026-05-12 10:49:45',1,98,'26034','1.0.5.2','2480 25th St N, St. Petersburg','2026-02-12 12:17:40',NULL),(126,126,27.7919940,-82.6554340,'2025-02-18 14:05:17','2026-05-12 10:49:45','2026-05-12 10:49:45',1,112,'26035','1.0.8','22nd Ave N + 16th St N, St. Petersburg','2025-02-18 14:05:17',NULL),(127,127,28.6823410,-81.3441010,'2025-10-25 10:00:58','2026-05-12 10:49:45','2026-05-12 10:49:45',0,94,'26033','2.0.1','150 Progress Energy Way, Longwood','2025-10-22 10:04:55',NULL),(128,128,27.7939510,-82.6669920,'2025-06-18 05:32:13','2026-05-12 10:49:45','2026-05-12 10:49:45',1,89,'26036','2.0.1','2440 25th St N, St. Petersburg','2025-06-18 05:32:13',NULL),(129,129,28.6604690,-81.3323900,'2026-02-22 10:06:34','2026-05-12 10:49:45','2026-05-12 10:49:45',1,97,'26038','1.0.5.2','GSM: VWV5+6J Wiggins, MS','2026-02-22 10:06:34',NULL),(130,130,28.6273840,-81.2423320,'2025-07-06 02:06:18','2026-05-12 10:49:45','2026-05-12 10:49:45',0,101,'26037','1.0.5.2','GSM: VWV5+6J Wiggins, MS','2025-06-30 01:35:41',NULL),(131,131,30.5486410,-83.8572240,'2021-09-05 23:43:43','2026-05-12 10:49:45','2026-05-12 10:49:45',0,93.74,'26044','1.0.5.2','405 Quail Rd, Monticello','2021-04-19 14:30:21',NULL),(132,132,30.4747070,-83.4259950,'2025-11-09 16:58:04','2026-05-12 10:49:45','2026-05-12 10:49:45',0,126,'26043','1.0.5.2','134 Sentinel Ln, Madison','2025-11-09 16:58:04',NULL),(133,133,30.1416090,-83.5681150,'2024-01-28 16:46:41','2026-05-12 10:49:45','2026-05-12 10:49:45',1,103,'26042','1.0.5.2','1185 Morgan Whiddon Rd, Perry','2024-01-27 10:38:55',NULL),(134,134,30.5492230,-83.8573760,'2021-04-19 14:31:21','2026-05-12 10:49:45','2026-05-12 10:49:45',1,121.82,'26041','1.0.5.2','1295 Rocky Branch Rd, Monticello, FL 32344, USA','2021-04-19 14:31:21',NULL),(135,135,28.6697180,-81.3651430,'2024-09-06 03:53:19','2026-05-12 10:49:45','2026-05-12 10:49:45',1,121,'26040','1.0.5.2','556 Lake Ave, Altamonte Springs','2024-09-05 15:50:10',NULL),(136,136,28.5901170,-81.4156800,'2023-05-14 20:05:46','2026-05-12 10:49:45','2026-05-12 10:49:45',0,97,'26039','1.0.5.2','GSM: VWV5+6J Wiggins, MS','2022-11-07 10:07:18',NULL),(137,137,27.7941860,-82.6667330,'2021-10-27 16:31:02','2026-05-12 10:49:45','2026-05-12 10:49:45',0,91,'26047','1.0.5.2','SIM 2927 25th Ave N, St. Petersburg','2021-10-26 16:26:35',NULL),(138,138,30.5492480,-83.8573230,'2021-04-19 14:20:05','2026-05-12 10:49:45','2026-05-12 10:49:45',0,120.92,'26045','1.0.5.2','1295 Rocky Branch Rd, Monticello, FL 32344, USA','2021-04-19 14:04:46',NULL),(139,139,30.1118370,-84.4031750,'2023-05-26 15:24:30','2026-05-12 10:49:45','2026-05-12 10:49:45',0,101,'26049','1.0.5.2','GSM: 1510 Talleyrand Ave, Jacksonville','2023-05-16 22:07:19',NULL),(140,140,30.1168460,-84.3851850,'2021-04-19 11:56:54','2026-05-12 10:49:45','2026-05-12 10:49:45',0,135.5,'26048','1.0.5.2','23 Millender Ln, Crawfordville, FL 32327, USA','2021-04-19 11:56:54',NULL),(141,141,30.0204540,-84.3857570,'2024-09-26 10:37:10','2026-05-12 10:49:45','2026-05-12 10:49:45',1,138,'26050','1.0.5.2','15 Sandpiper Dr, Panacea','2024-09-26 10:37:10',NULL),(142,142,30.5065960,-84.0098110,'2025-07-30 08:55:41','2026-05-12 10:49:45','2026-05-12 10:49:45',0,146,'26046','1.0.5.2','1310 Hiawatha Farms Rd, Monticello','2025-07-30 08:55:41',NULL),(143,143,27.7941470,-82.6668620,'2026-03-16 19:19:29','2026-05-12 10:49:45','2026-05-12 10:49:45',0,87,'26059','2.0.1','2500 25th Ave N, St. Petersburg','2026-03-16 11:20:00',NULL),(144,144,28.7186240,-81.3353810,'2024-10-16 01:10:41','2026-05-12 10:49:45','2026-05-12 10:49:45',0,93,'26058','1.0.8.0','1698 Timocuan Way, Longwood','2024-10-14 17:12:10',NULL),(145,145,28.4919360,-81.2878270,'2025-03-06 11:52:28','2026-05-12 10:49:45','2026-05-12 10:49:45',0,119,'26060','1.0.8','7433 Molokai St, Orlando','2025-03-06 11:52:28',NULL),(146,146,28.7380260,-82.5424500,'2024-09-28 12:46:56','2026-05-12 10:49:45','2026-05-12 10:49:45',0,107,'26066','1.0.5.2','GSM: 4300 Marion County Rd, Lady Lake','2024-09-24 04:22:50',NULL),(147,147,28.5571460,-81.2543030,'2024-06-19 09:34:12','2026-05-12 10:49:45','2026-05-12 10:49:45',1,127,'26061','1.0.8','719 Oak Manor Cir, Orlando','2024-01-28 09:49:19',NULL),(148,148,28.6473500,-81.3254090,'2025-10-21 19:13:34','2026-05-12 10:49:45','2026-05-12 10:49:45',1,98,'26063','1.0.5.2','2112 Beacon Hill Ct, Casselberry','2025-10-21 19:13:34',NULL),(149,149,29.1015830,-82.0173800,'2024-11-08 11:56:50','2026-05-12 10:49:45','2026-05-12 10:49:45',0,144,'26056','1.0.5.2','7 Spring Pass Dr, Ocala','2024-11-08 11:56:50',NULL),(150,150,29.1527980,-82.0756000,'2025-12-15 07:59:05','2026-05-12 10:49:45','2026-05-12 10:49:45',0,83,'26052','2.0.1','GSM: County Rd 314 A, Silver Springs','2025-12-03 23:26:39',NULL),(151,151,28.9106940,-81.9267430,'2023-07-07 14:10:58','2026-05-12 10:49:45','2026-05-12 10:49:45',1,146,'26055','1.0.5.2','301 Woodland Trl, Lady Lake','2023-07-04 09:30:51',NULL),(152,152,30.0204470,-84.3858570,'2025-04-03 05:44:21','2026-05-12 10:49:45','2026-05-12 10:49:45',1,119,'26051','1.0.5.2','15 Sandpiper Dr, Panacea','2025-02-16 07:14:16',NULL),(153,153,27.7941650,-82.6668470,'2025-01-21 11:21:11','2026-05-12 10:49:45','2026-05-12 10:49:45',1,74,'26065','1.0.8','2480 25th St N, St. Petersburg','2025-01-21 11:21:11',NULL),(154,154,28.9157680,-81.9203640,'2025-11-01 06:21:39','2026-05-12 10:49:45','2026-05-12 10:49:45',1,111,'26054','1.0.5.2','114 E Lady Lake Blvd, Lady Lake','2025-11-01 06:21:39',NULL),(155,155,28.9179400,-82.0476910,'2025-09-27 05:17:04','2026-05-12 10:49:45','2026-05-12 10:49:45',1,109,'26053','1.0.5.2','3349 Truluck Pl, Oxford','2025-09-27 05:17:04',NULL),(156,156,28.5480380,-82.4096370,'2023-07-07 09:53:02','2026-05-12 10:49:45','2026-05-12 10:49:45',0,113,'26064','1.0.5.2','GSM: 4300 Marion County Rd, Lady Lake','2023-07-01 09:55:51',NULL),(157,157,28.5821970,-81.2594150,'2024-09-29 17:26:34','2026-05-12 10:49:45','2026-05-12 10:49:45',1,117,'26057','1.0.5.2','GSM: VWV5+6J Wiggins, MS','2024-09-29 17:26:34',NULL),(158,158,28.8815590,-82.5688170,'2023-06-25 15:29:32','2026-05-12 10:49:45','2026-05-12 10:49:45',0,112,'26062','1.0.5.2','GSM: 7CG6+RC Moon Lake Estates, FL','2023-06-20 07:15:34',NULL),(159,159,29.9139840,-85.3737950,'2025-06-14 18:35:41','2026-05-12 10:49:45','2026-05-12 10:49:45',1,132,'26070','1.0.5.2','104 Periwinkle Dr, Port St Joe','2025-05-07 15:39:28',NULL),(160,160,28.6781370,-81.2376630,'2025-04-06 12:24:12','2026-05-12 10:49:45','2026-05-12 10:49:45',0,109,'26075','1.0.5.2','GSM: VWV5+6J Wiggins, MS','2024-10-16 20:34:49',NULL),(161,161,29.9078410,-85.3644030,'2025-09-03 22:28:40','2026-05-12 10:49:45','2026-05-12 10:49:45',0,94,'26071','1.0.5.2','342 Ponce De Leon St, Port St Joe','2025-08-27 14:27:51',NULL),(162,162,27.7941650,-82.6667940,'2023-01-16 17:58:10','2026-05-12 10:49:45','2026-05-12 10:49:45',0,86,'26072','1.0.5.2','2480 25th St N, St. Petersburg','2023-01-16 09:57:20',NULL),(163,163,27.7941210,-82.6665120,'2025-01-21 09:03:35','2026-05-12 10:49:45','2026-05-12 10:49:45',0,88,'26074','2.0.1','2360 25th St N, St. Petersburg','2025-01-21 09:03:35',NULL),(164,164,28.9357800,-81.9641110,'2024-01-31 09:35:34','2026-05-12 10:49:45','2026-05-12 10:49:45',0,126,'26068','1.0.5.2','1655 Zadora Ln, The Villages','2024-01-31 09:35:34',NULL),(165,165,28.8854370,-82.0320510,'2022-07-20 13:05:42','2026-05-12 10:49:45','2026-05-12 10:49:45',0,101,'26069','1.0.5.2','4306 E Co Rd 462, Wildwood','2022-07-18 13:13:41',NULL),(166,166,29.0489750,-81.9307100,'2024-09-20 07:24:20','2026-05-12 10:49:45','2026-05-12 10:49:45',1,111,'26067','1.0.5.2','13397 SE 120th St, Ocklawaha','2024-09-20 07:24:20',NULL),(167,167,27.8343790,-82.6320650,'2025-02-26 02:57:56','2026-05-12 10:49:45','2026-05-12 10:49:45',1,101,'26076','1.0.5.2','6840 Mt Orange Dr NE, St. Petersburg','2025-02-02 16:32:21',NULL),(168,168,28.5549530,-82.3963850,'2024-04-24 19:29:04','2026-05-12 10:49:45','2026-05-12 10:49:45',0,94,'26073','1.0.5.2','648 Harvard St, Brooksville','2024-04-24 19:29:04',NULL),(169,169,28.6035040,-81.5523070,'2025-11-11 17:39:35','2026-05-12 10:49:45','2026-05-12 10:49:45',1,91,'26079','1.0.8.0','436 Scarlatti Ct, Ocoee','2025-11-11 17:39:35',NULL),(170,170,28.7032640,-81.2041850,'2026-04-26 05:58:18','2026-05-12 10:49:45','2026-05-12 10:49:45',0,87,'26080','2.0.1','2360 Black Hammock Rd, Oviedo','2026-04-25 13:58:03',NULL),(171,171,28.8297650,-82.3506160,'2024-05-12 16:43:04','2026-05-12 10:49:45','2026-05-12 10:49:45',1,127,'26078','2.0.1','413 Wilda Ave, Inverness','2024-04-29 15:16:01',NULL),(172,172,28.2640710,-82.4786150,'2024-10-07 00:19:01','2026-05-12 10:49:45','2026-05-12 10:49:45',1,119,'26077','1.0.5.2','GSM: 7CG6+RC Moon Lake Estates, FL','2024-10-07 00:19:01',NULL),(173,173,0.0000010,0.0000010,'2024-11-20 12:46:48','2026-05-12 10:49:45','2026-05-12 10:49:45',1,92,'26082','1.0.5.2','SIM: N/A use Coordinate','2022-05-04 11:20:16',NULL),(174,174,28.7863240,-82.6292650,'2024-11-06 07:48:29','2026-05-12 10:49:45','2026-05-12 10:49:45',0,129,'26081','1.0.5.2','11795 W Valley Spring Ln, Homosassa','2024-11-06 07:48:29',NULL),(175,175,28.6826630,-81.3441540,'2026-04-29 16:23:40','2026-05-12 10:49:45','2026-05-12 10:49:45',0,109,'26000','2.0.1','150 Progress Energy Way, Longwood','2026-04-27 16:27:22',NULL),(176,176,28.8705330,-81.3288270,'2026-02-25 13:08:20','2026-05-12 10:49:45','2026-05-12 10:49:45',1,127,'26005','1.0.5.2','441 Tallow Wood Cir, DeBary','2026-02-25 07:06:58',NULL),(177,177,27.7941610,-82.6670840,'2025-04-14 10:48:59','2026-05-12 10:49:45','2026-05-12 10:49:45',1,95,'26008','2.0.1','2440 25th St N, St. Petersburg','2025-04-14 10:48:59',NULL),(178,178,28.4269810,-81.5048980,'2024-08-29 14:54:12','2026-05-12 10:49:45','2026-05-12 10:49:45',1,127,'','1.0.5.4','9509 Wickham Way, Orlando','2024-08-10 19:22:37',NULL),(179,179,28.6181810,-81.2758870,'2026-04-13 14:56:59','2026-05-12 10:49:45','2026-05-12 10:49:45',1,133,'','1.0.8','5340 Mellow Palm Way, Winter Park','2025-10-25 05:01:58',NULL),(180,180,28.6486930,-81.3425830,'2025-07-07 09:45:05','2026-05-12 10:49:45','2026-05-12 10:49:45',0,123,'','1.0.8.0','479 Meadowood Blvd, Fern Park','2025-07-07 09:40:22',NULL),(181,181,28.6382270,-81.3320390,'2024-06-25 21:40:09','2026-05-12 10:49:45','2026-05-12 10:49:45',1,110,'','1.0.5.4','900 McGregor Way, Maitland','2024-06-24 09:34:43',NULL),(182,182,28.6327320,-81.3878330,'2023-10-17 08:54:49','2026-05-12 10:49:45','2026-05-12 10:49:45',1,101,'','1.0.8','FL-400, Maitland','2023-10-17 08:54:49',NULL),(183,183,28.4760700,-81.2453380,'2026-04-04 10:34:28','2026-05-12 10:49:45','2026-05-12 10:49:45',1,123,'','1.0.8','10139 Ridgebloom Ave, Orlando','2025-08-15 06:40:35',NULL),(184,184,28.8486900,-81.6541750,'2022-08-04 10:40:37','2026-05-12 10:49:45','2026-05-12 10:49:45',0,108,'','1.0.5.4','4 SE Fisher Ln Pl, Ocklawaha','2022-08-01 10:21:40',NULL),(185,185,28.7282750,-81.3808290,'2025-06-23 18:11:05','2026-05-12 10:49:45','2026-05-12 10:49:45',0,119,'','1.0.5.4','1738 Markham Glen Cir, Longwood','2025-06-23 13:18:49',NULL),(186,186,28.7032640,-81.2040180,'2023-03-11 09:11:33','2026-05-12 10:49:45','2026-05-12 10:49:45',1,110,'','1.0.8.0','SIM: N/A use Coordinate','2023-03-11 09:11:33',NULL),(187,187,28.5033290,-81.4040180,'2022-02-18 07:11:30','2026-05-12 10:49:45','2026-05-12 10:49:45',0,108,'','test','3900 Ravenwood Ave, Orlando','2021-12-22 10:16:36',NULL),(188,188,28.4930080,-81.3278500,'2023-04-26 08:40:31','2026-05-12 10:49:45','2026-05-12 10:49:45',0,94,'','2.0.1','4519 Ironstone Cir, Orlando','2023-04-03 10:57:20',NULL),(189,189,28.4939610,-81.3195040,'2022-10-31 04:16:21','2026-05-12 10:49:45','2026-05-12 10:49:45',1,108,'NA','1.0.4','5243 Formby Dr, Orlando','2022-10-17 04:39:23',NULL),(190,190,35.1232030,-80.8745120,'2021-10-28 13:37:39','2026-05-12 10:49:45','2026-05-12 10:49:45',0,78,'','1.0.3.6Ho','7980 Shady Oak Trail, Charlotte','2021-10-28 13:37:39',NULL),(191,191,28.8916420,-82.5940780,'2026-04-01 08:41:36','2026-05-12 10:49:45','2026-05-12 10:49:45',1,122,'26842','1.0.7.1','201 SW Kings Bay Dr, Crystal River','2026-03-23 07:32:53',NULL),(192,192,28.4991890,-82.4008940,'2024-03-20 17:06:51','2026-05-12 10:49:45','2026-05-12 10:49:45',1,81,'26843','1.0.8.0','4618 Hickory Oak Dr, Brooksville','2024-03-20 17:06:51',NULL),(193,193,28.8785110,-82.6050490,'2023-08-30 05:18:13','2026-05-12 10:49:45','2026-05-12 10:49:45',1,96,'26844','1.0.8.0','1046 N Stoney Point, Crystal River','2023-08-14 12:50:41',NULL),(194,194,27.7941490,-82.6668930,'2025-06-19 10:56:49','2026-05-12 10:49:45','2026-05-12 10:49:45',0,98,'26846','1.0.8.0','2440 25th St N, St. Petersburg','2025-06-19 10:56:49',NULL),(195,195,28.5550080,-82.3940050,'2024-10-19 16:35:05','2026-05-12 10:49:45','2026-05-12 10:49:45',1,112,'26847','1.0.8.0','GSM: 7CG6+RC Moon Lake Estates, FL','2024-10-11 14:55:13',NULL),(196,196,28.8453200,-82.3669130,'2026-04-22 04:23:41','2026-05-12 10:49:45','2026-05-12 10:49:45',0,89,'26848','1.0.8.0','517 Independence Hwy, Inverness','2025-09-03 18:39:51',NULL),(197,197,28.8977280,-82.5540700,'2026-04-06 02:54:28','2026-05-12 10:49:45','2026-05-12 10:49:45',0,79,'26849','2.0.1','2426 N Sunshine Path, Crystal River','2026-04-02 19:01:10',NULL),(198,198,28.8462030,-82.3631740,'2025-02-07 23:44:04','2026-05-12 10:49:45','2026-05-12 10:49:45',0,89,'26845','1.0.8.0','2512 Bluegrass St, Inverness','2025-02-07 23:44:04',NULL),(199,199,28.5421470,-82.3519060,'2025-09-03 15:45:43','2026-05-12 10:49:45','2026-05-12 10:49:45',0,108,'26853','1.0.7.1','GSM: 7CG6+RC Moon Lake, FL','2025-07-19 01:29:20',NULL),(200,200,28.9796710,-82.3587720,'2025-11-21 17:01:16','2026-05-12 10:49:45','2026-05-12 10:49:45',0,98,'26850','1.0.7.1','GSM: 4300 Marion County Rd, Lady Lake','2025-11-20 08:50:10',NULL),(201,201,28.9150640,-82.4507520,'2025-11-20 08:10:25','2026-05-12 10:49:45','2026-05-12 10:49:45',1,114,'26851','1.0.7.1','43 S Jeffery St, Beverly Hills','2025-08-28 18:55:00',NULL),(202,202,28.5550420,-82.3965680,'2026-03-14 23:09:43','2026-05-12 10:49:45','2026-05-12 10:49:45',0,83,'26852','1.0.7.1','648 Harvard St, Brooksville','2026-02-24 23:06:59',NULL),(203,203,28.1476270,-82.7392270,'2025-05-05 18:48:52','2026-05-12 10:49:45','2026-05-12 10:49:45',0,94,'26856','1.0.8.0','1018 Cemetary Rd, Tarpon Springs','2025-04-25 11:59:58',NULL),(204,204,28.2595290,-82.6616060,'2026-04-10 13:32:46','2026-05-12 10:49:45','2026-05-12 10:49:45',0,98,'26857','1.0.8.0','7058 Old Homestead Rd, New Port Richey','2026-04-08 13:41:23',NULL),(205,205,28.2192630,-82.6693190,'2026-02-20 19:39:40','2026-05-12 10:49:45','2026-05-12 10:49:45',0,88,'26854','1.0.8.0','4115 St Lawrence Dr, New Port Richey','2026-02-18 11:43:50',NULL),(206,206,28.2056410,-82.6667790,'2024-08-31 02:48:55','2026-05-12 10:49:45','2026-05-12 10:49:45',0,100,'26855','1.0.8.0','3280 Word Way, New Port Richey','2024-08-30 10:51:29',NULL),(207,207,28.2192630,-82.6692730,'2025-07-24 20:00:59','2026-05-12 10:49:45','2026-05-12 10:49:45',0,94,'26861','1.0.8.0','4115 St Lawrence Dr, New Port Richey','2025-07-24 20:00:59',NULL),(208,208,28.2642330,-82.4782410,'2026-04-29 03:43:00','2026-05-12 10:49:45','2026-05-12 10:49:45',0,86,'26862','1.0.8.0','7325 Land O  Lakes Blvd, Land O  Lakes','2026-04-28 19:45:21',NULL),(209,209,28.2043210,-82.4483110,'2026-03-12 09:38:54','2026-05-12 10:49:45','2026-05-12 10:49:45',1,123,'26864','1.0.8.0','GSM: SR 54 & Livingston Ave, Land O  Lakes','2026-03-03 21:46:30',NULL),(210,210,27.8234500,-82.8271180,'2026-04-28 23:09:25','2026-05-12 10:49:45','2026-05-12 10:49:45',1,110,'26865','1.0.8.0','140 174th Terrace E, Redington Shores','2026-04-04 07:18:51',NULL),(211,211,28.1476940,-82.7393260,'2025-05-09 09:43:41','2026-05-12 10:49:45','2026-05-12 10:49:45',0,107,'26858','1.0.8.0','1018 Cemetary Rd, Tarpon Springs','2025-04-25 18:15:10',NULL),(212,212,28.2484210,-82.7391740,'2025-08-15 07:35:49','2026-05-12 10:49:45','2026-05-12 10:49:45',0,135,'26859','1.0.8.0','6135 Bayside Dr, New Port Richey','2025-08-14 15:03:40',NULL),(213,213,27.7940900,-82.6669390,'2025-09-22 08:02:52','2026-05-12 10:49:45','2026-05-12 10:49:45',0,104,'26860','2.0.1','2480 25th St N, St. Petersburg','2025-09-22 08:02:52',NULL),(214,214,28.2193810,-82.6693500,'2025-12-04 11:31:49','2026-05-12 10:49:45','2026-05-12 10:49:45',1,105,'26863','1.0.7.1','GSM: 1645 24th Ave N, St. Petersburg','2025-12-04 11:31:49',NULL),(215,215,28.2203810,-82.6695790,'2025-10-24 14:39:19','2026-05-12 10:49:45','2026-05-12 10:49:45',0,101,'26866','1.0.8.0','4214 Oakland Dr, New Port Richey','2025-10-20 06:56:40',NULL),(216,216,28.2193930,-82.6694640,'2026-04-29 16:12:59','2026-05-12 10:49:45','2026-05-12 10:49:45',0,102,'26868','1.0.8.0','4115 St Lawrence Dr, New Port Richey','2026-04-26 08:20:29',NULL),(217,217,28.2193110,-82.6692890,'2026-04-03 01:51:56','2026-05-12 10:49:45','2026-05-12 10:49:45',0,83,'26870','1.0.8.0','4115 St Lawrence Dr, New Port Richey','2026-03-28 02:24:24',NULL),(218,218,28.2192920,-82.6693880,'2026-04-29 13:23:30','2026-05-12 10:49:45','2026-05-12 10:49:45',0,102,'26867','1.0.8.0','4115 St Lawrence Dr, New Port Richey','2026-04-23 05:33:13',NULL),(219,219,28.0693860,-82.7225880,'2025-11-03 11:27:41','2026-05-12 10:49:45','2026-05-12 10:49:45',0,114,'26871','1.0.8.0','3380 Cloverplace Dr, Palm Harbor','2025-11-03 11:27:41',NULL),(220,220,27.8795740,-82.8132020,'2025-12-10 13:52:10','2026-05-12 10:49:45','2026-05-12 10:49:45',0,100,'26873','1.0.8.0','12650 Walsingham Rd, Largo','2025-12-09 21:18:58',NULL),(221,221,27.7919940,-82.6554340,'2025-12-05 21:16:39','2026-05-12 10:49:45','2026-05-12 10:49:45',0,83,'26872','1.0.8.0','22nd Ave N + 16th St N, St. Petersburg','2025-12-05 21:16:39',NULL),(222,222,28.2191260,-82.6692120,'2026-04-29 16:45:32','2026-05-12 10:49:45','2026-05-12 10:49:45',0,100,'26869','2.0.1','4121 St Lawrence Dr, New Port Richey','2026-04-23 09:00:35',NULL),(223,223,27.9095420,-82.7502140,'2026-04-29 14:31:18','2026-05-12 10:49:45','2026-05-12 10:49:45',1,125,'26877','1.0.8.0','3605 7th Ave SE, Largo','2026-04-06 22:21:42',NULL),(224,224,27.7951240,-82.6654740,'2025-10-21 12:20:29','2026-05-12 10:49:45','2026-05-12 10:49:45',0,112,'26878','2.0.1','2450 25th St N, St. Petersburg','2025-10-20 12:36:26',NULL),(225,225,28.3235510,-82.7036440,'2023-08-27 06:17:36','2026-05-12 10:49:45','2026-05-12 10:49:45',1,121,'26881','1.0.8.0','6719 Damascus St, Port Richey','2023-08-27 00:11:21',NULL),(226,226,28.2193070,-82.6692200,'2026-03-08 07:53:28','2026-05-12 10:49:45','2026-05-12 10:49:45',0,104,'26879','2.0.1','4115 St Lawrence Dr, New Port Richey','2025-12-11 17:03:06',NULL),(227,227,28.0783730,-82.7388530,'2024-09-15 22:09:14','2026-05-12 10:49:45','2026-05-12 10:49:45',0,109,'26874','1.0.8.0','32196 US Hwy 19 N, Palm Harbor','2024-09-15 22:09:14',NULL),(228,228,28.2281250,-82.2180860,'2026-03-07 21:59:45','2026-05-12 10:49:45','2026-05-12 10:49:45',1,108,'26876','1.0.8.0','4848 Swan Dr, Zephyrhills','2026-01-15 11:48:04',NULL),(229,229,27.9436320,-82.8064120,'2026-04-29 16:06:12','2026-05-12 10:49:45','2026-05-12 10:49:45',1,120,'26880','1.0.8.0','294 Belleview Blvd, Belleair','2026-03-10 06:19:41',NULL),(230,230,28.2193570,-82.6692890,'2026-01-16 18:25:28','2026-05-12 10:49:45','2026-05-12 10:49:45',0,67,'26883','1.0.8.0','4115 St Lawrence Dr, New Port Richey','2026-01-16 10:24:51',NULL),(231,231,28.2189730,-82.6695790,'2025-11-02 04:15:58','2026-05-12 10:49:45','2026-05-12 10:49:45',0,69,'26885','1.0.8.0','4121 St Lawrence Dr, New Port Richey','2025-10-27 12:32:28',NULL),(232,232,27.7942100,-82.6668780,'2025-12-04 11:53:10','2026-05-12 10:49:45','2026-05-12 10:49:45',0,104,'26887','1.0.8.0','2480 25th St N, St. Petersburg','2025-12-04 11:53:10',NULL),(233,233,27.8925700,-82.8335800,'2026-03-24 08:48:49','2026-05-12 10:49:45','2026-05-12 10:49:45',1,108,'26884','1.0.8.0','13300 Indian Rocks Rd, Largo','2026-03-02 12:56:12',NULL),(234,234,28.2464890,-82.2277530,'2026-02-28 21:24:21','2026-05-12 10:49:45','2026-05-12 10:49:45',0,91,'26888','1.0.8.0','GSM: 422 Ballyshannon Dr, Davenport','2026-02-27 13:28:15',NULL),(235,235,28.2190800,-82.6701810,'2022-05-25 11:22:40','2026-05-12 10:49:45','2026-05-12 10:49:45',1,107,'26889','1.0.8.0','4115 St Lawrence Dr, New Port Richey','2022-05-25 11:22:40',NULL),(236,236,28.2326950,-82.7045750,'2025-10-17 08:34:19','2026-05-12 10:49:45','2026-05-12 10:49:45',0,119,'26875','1.0.8.0','5042 Larch Ln, New Port Richey','2025-10-17 08:34:19',NULL),(237,237,28.0725750,-82.6995930,'2026-04-29 07:52:15','2026-05-12 10:49:45','2026-05-12 10:49:45',1,114,'26886','1.0.8.0','115 Deerpath Dr, Oldsmar','2026-04-28 07:35:12',NULL),(238,238,28.2641160,-82.4787140,'2025-09-27 19:44:45','2026-05-12 10:49:45','2026-05-12 10:49:45',0,89,'26882','1.0.8.0','7329 Land O  Lakes Blvd, Land O  Lakes','2025-09-26 19:44:41',NULL),(239,239,28.2074220,-82.7285160,'2026-04-29 13:41:01','2026-05-12 10:49:45','2026-05-12 10:49:45',1,127,'26894','1.0.8.0','3320 Finch Dr, Holiday','2026-04-14 10:46:13',NULL),(240,240,28.2187140,-82.7105940,'2026-04-29 01:03:50','2026-05-12 10:49:45','2026-05-12 10:49:45',1,105,'26897','1.0.8.0','4108 Las Vegas Dr, New Port Richey','2026-03-06 16:51:42',NULL),(241,241,28.2345600,-82.7287900,'2026-02-01 18:57:28','2026-05-12 10:49:45','2026-05-12 10:49:45',0,63,'26895','1.0.8.0','5148 US-19, New Port Richey','2026-01-31 18:59:19',NULL),(242,242,28.1947020,-82.4192350,'2026-04-29 16:51:17','2026-05-12 10:49:45','2026-05-12 10:49:45',1,113,'26896','1.0.8.0','GSM: 2HQH+X6 Tampa, FL','2026-04-21 06:03:59',NULL),(243,243,28.2193200,-82.6692580,'2024-12-21 01:34:21','2026-05-12 10:49:45','2026-05-12 10:49:45',0,73,'26892','1.0.8.0','4115 St Lawrence Dr, New Port Richey','2024-12-17 17:40:58',NULL),(244,244,28.2191450,-82.6698230,'2022-05-25 09:14:10','2026-05-12 10:49:45','2026-05-12 10:49:45',0,106,'26893','1.0.8.0','4121 St Lawrence Dr, New Port Richey','2022-05-25 09:14:10',NULL),(245,245,28.2191980,-82.6693340,'2026-02-13 16:08:49','2026-05-12 10:49:45','2026-05-12 10:49:45',0,76,'26890','1.0.8.0','4121 St Lawrence Dr, New Port Richey','2026-02-05 08:32:10',NULL),(246,246,28.1580560,-82.7788770,'2026-04-29 10:37:43','2026-05-12 10:49:45','2026-05-12 10:49:45',0,106,'26891','1.0.8.0','1025 Wideview Ave, Tarpon Springs','2026-04-29 10:37:43',NULL),(247,247,28.2190800,-82.6703640,'2022-05-25 10:38:52','2026-05-12 10:49:45','2026-05-12 10:49:45',0,117,'26904','1.0.8.0','4115 St Lawrence Dr, New Port Richey','2022-05-25 10:38:52',NULL),(248,248,28.2072320,-82.7227710,'2026-04-29 13:10:35','2026-05-12 10:49:45','2026-05-12 10:49:45',0,105,'26903','1.0.8.0','5534 Dolores Dr, Holiday','2026-04-23 13:22:52',NULL),(249,249,28.2183550,-82.6712570,'2026-02-09 22:01:58','2026-05-12 10:49:45','2026-05-12 10:49:45',0,78,'26900','1.0.7.1','8631 Old County Rd 54, New Port Richey','2026-02-02 14:28:19',NULL),(250,250,28.2195190,-82.6679690,'2024-12-30 10:10:59','2026-05-12 10:49:45','2026-05-12 10:49:45',0,89,'26898','1.0.8.0','4130 St Lawrence Dr, New Port Richey','2024-12-30 10:10:59',NULL),(251,251,28.7033980,-81.2041780,'2021-12-02 06:23:56','2026-05-12 10:49:45','2026-05-12 10:49:45',0,82,'26899','1.0.7.1','2360 Black Hammock Rd, Oviedo','2021-11-19 06:48:12',NULL),(252,252,28.0381640,-82.7046200,'2026-04-29 12:21:54','2026-05-12 10:49:45','2026-05-12 10:49:45',1,115,'26905','1.0.8.0','56 Sugar Bear Dr, Safety Harbor','2026-01-21 10:47:19',NULL),(253,253,28.2054840,-82.6668470,'2024-08-09 01:10:04','2026-05-12 10:49:45','2026-05-12 10:49:45',0,106,'26902','1.0.8.0','3280 Word Way, New Port Richey','2024-08-09 01:10:04',NULL),(254,254,28.1222970,-82.7579120,'2025-11-23 18:21:22','2026-05-12 10:49:45','2026-05-12 10:49:45',1,112,'26901','1.0.8.0','4931 Klosterman Oaks Blvd, Palm Harbor','2025-11-23 18:21:22',NULL),(255,255,27.7941530,-82.6668470,'2026-04-11 01:49:58','2026-05-12 10:49:45','2026-05-12 10:49:45',0,91,'26906','1.0.8.0','2500 25th Ave N, St. Petersburg','2026-04-08 10:02:00',NULL),(256,256,28.3273280,-82.6723630,'2026-04-29 16:20:58','2026-05-12 10:49:45','2026-05-12 10:49:45',1,119,'26907','1.0.8.0','8611 Honeycomb Dr, Port Richey','2026-04-23 14:18:11',NULL),(257,257,28.1189820,-82.7658540,'2025-03-01 12:25:49','2026-05-12 10:49:45','2026-05-12 10:49:45',1,105,'26908','1.0.8.0','420 Manor Blvd, Palm Harbor','2025-03-01 12:25:49',NULL),(258,258,28.2072720,-82.6941380,'2025-12-09 23:05:23','2026-05-12 10:49:45','2026-05-12 10:49:45',0,83,'26909','1.0.8.0','Seven Springs Blvd & Jenner Ave, Florida 34655','2025-12-09 07:07:59',NULL),(259,259,27.9656200,-82.7306520,'2025-12-01 12:33:10','2026-05-12 10:49:45','2026-05-12 10:49:45',0,113,'26910','1.0.8.0','21252 US Hwy 19 N, Clearwater','2025-11-20 20:50:53',NULL),(260,260,28.2298340,-82.7381210,'2026-04-12 03:54:09','2026-05-12 10:49:45','2026-05-12 10:49:45',1,100,'26911','1.0.8.0','4885 Shell Stream Blvd, New Port Richey','2026-04-11 03:42:02',NULL),(261,261,27.8308720,-82.7663880,'2026-02-19 11:44:55','2026-05-12 10:49:45','2026-05-12 10:49:45',1,117,'26912','1.0.8.0','6548 Golden Horseshoe Dr, Seminole','2026-01-23 18:26:58',NULL),(262,262,27.8785290,-82.7928390,'2024-12-19 06:13:19','2026-05-12 10:49:45','2026-05-12 10:49:45',1,100,'26913','1.0.8.0','11200 Walsingham Rd, Largo','2024-12-16 22:50:37',NULL),(263,263,28.7090740,-81.3118360,'2026-04-29 13:13:12','2026-05-12 10:49:45','2026-05-12 10:49:45',1,118,'26916','1.0.7.1','80 Moree Loop, Winter Springs','2026-04-10 16:41:17',NULL),(264,264,28.2194210,-82.6692200,'2026-01-17 00:56:40','2026-05-12 10:49:45','2026-05-12 10:49:45',0,59,'26914','1.0.7.1','4115 St Lawrence Dr, New Port Richey','2026-01-14 01:05:40',NULL),(265,265,28.2468910,-82.2130810,'2025-01-24 17:51:17','2026-05-12 10:49:45','2026-05-12 10:49:45',0,85,'26915','2.0.1','GSM: 75R3JM5R+HR','2025-01-23 01:44:17',NULL),(266,266,29.1919480,-82.0783000,'2024-09-21 17:47:08','2026-05-12 10:49:45','2026-05-12 10:49:45',0,104,'26917','1.0.7.1','GSM: 4300 Marion County Rd, Lady Lake','2024-09-10 01:55:04',NULL),(267,267,27.7817210,-82.6337590,'2026-03-26 01:52:41','2026-05-12 10:49:45','2026-05-12 10:49:45',1,105,'26919','1.0.8.0','132 10th Ave NE, St. Petersburg','2026-03-20 10:21:29',NULL),(268,268,27.7941400,-82.6669620,'2025-10-21 12:35:41','2026-05-12 10:49:45','2026-05-12 10:49:45',0,102,'26920','1.0.8.0','2480 25th St N, St. Petersburg','2025-10-21 12:35:41',NULL),(269,269,29.1540240,-82.0903630,'2026-04-29 14:41:06','2026-05-12 10:49:45','2026-05-12 10:49:45',1,127,'26918','1.0.7.1','3400 SE 33rd Ct, Ocala','2025-11-05 12:53:20',NULL),(270,270,27.8854080,-82.6811220,'2026-04-05 05:31:42','2026-05-12 10:49:45','2026-05-12 10:49:45',0,85,'26921','1.0.8.0','126TH The Mall, Clearwater','2026-04-02 21:38:41',NULL),(271,271,27.8523520,-82.8267290,'2026-04-15 09:34:33','2026-05-12 10:49:45','2026-05-12 10:49:45',1,114,'26924','1.0.8.0','13610 87th Pl N, Seminole','2026-04-13 09:12:30',NULL),(272,272,27.7965580,-82.6648100,'2025-10-28 15:50:49','2026-05-12 10:49:45','2026-05-12 10:49:45',0,100,'26922','1.0.8.0','2647 24th St N, St. Petersburg','2025-10-28 15:50:49',NULL),(273,273,27.7919940,-82.6554340,'2025-09-24 11:21:41','2026-05-12 10:49:45','2026-05-12 10:49:45',0,108,'26923','1.0.8.0','22nd Ave N + 16th St N, St. Petersburg','2025-09-24 11:21:41',NULL),(274,274,27.8786790,-82.6455230,'2025-08-17 09:38:34','2026-05-12 10:49:45','2026-05-12 10:49:45',1,129,'26925','1.0.8.0','825 117th Terrace N, St. Petersburg','2025-03-25 09:53:28',NULL),(275,275,27.9656200,-82.7306520,'2025-11-05 23:34:29','2026-05-12 10:49:45','2026-05-12 10:49:45',0,96,'26926','1.0.8.0','21252 US Hwy 19 N, Clearwater','2025-10-27 23:56:06',NULL),(276,276,28.7029510,-81.2044750,'2026-04-26 06:03:09','2026-05-12 10:49:45','2026-05-12 10:49:45',0,98,'26929','2.0.1','2358 Black Hammock Rd, Oviedo','2026-04-25 13:58:20',NULL),(277,277,27.7919940,-82.6554340,'2026-04-29 13:11:09','2026-05-12 10:49:45','2026-05-12 10:49:45',0,96,'26928','1.0.8.0','22nd Ave N + 16th St N, St. Petersburg','2026-04-29 13:11:09',NULL),(278,278,27.9780730,-82.7481230,'2025-06-04 21:27:35','2026-05-12 10:49:45','2026-05-12 10:49:45',0,101,'26927','2.0.1','GSM: 2750 Drew St, Clearwater','2025-06-03 09:07:53',NULL),(279,279,27.7941930,-82.6669080,'2025-08-19 05:55:35','2026-05-12 10:49:45','2026-05-12 10:49:45',0,98,'26932','1.0.8.0','2480 25th St N, St. Petersburg','2025-08-19 05:55:35',NULL),(280,280,27.9779620,-82.7480770,'2026-04-29 14:18:36','2026-05-12 10:49:45','2026-05-12 10:49:45',0,112,'26935','1.0.8.0','2121 Range Rd, Clearwater','2026-04-28 14:21:12',NULL),(281,281,27.9788320,-82.7474290,'2026-01-12 14:16:10','2026-05-12 10:49:45','2026-05-12 10:49:45',0,84,'26930','1.0.7.1','1490 N Belcher Rd. suite h, Clearwater','2026-01-12 14:16:10',NULL),(282,282,27.8916360,-82.8190230,'2026-02-12 09:43:45','2026-05-12 10:49:45','2026-05-12 10:49:45',0,92,'26934','1.0.8.0','13120 Vonn Rd, Largo','2026-02-05 17:43:26',NULL),(283,283,27.9778880,-82.7480770,'2025-10-31 21:34:52','2026-05-12 10:49:45','2026-05-12 10:49:45',0,73,'26933','1.0.8.1','2121 Range Rd, Clearwater','2025-10-28 05:49:49',NULL),(284,284,27.7950190,-82.6655430,'2025-08-28 02:38:23','2026-05-12 10:49:45','2026-05-12 10:49:45',0,90,'26931','1.0.8.0','2450 25th St N, St. Petersburg','2025-08-25 10:44:50',NULL),(285,285,27.9779130,-82.7480620,'2025-10-24 13:56:11','2026-05-12 10:49:45','2026-05-12 10:49:45',0,108,'26936','1.0.8.0','2121 Range Rd, Clearwater','2025-10-22 21:59:21',NULL),(286,286,27.9782660,-82.7483440,'2026-03-06 14:19:31','2026-05-12 10:49:45','2026-05-12 10:49:45',0,108,'26937','2.0.1','2125 Range Rd, Clearwater','2025-11-22 07:46:07',NULL),(287,287,27.9334430,-82.7306980,'2024-09-26 16:37:13','2026-05-12 10:49:45','2026-05-12 10:49:45',1,111,'26938','1.0.8.0','17722 U.S. 19 Frontage Rd, Clearwater','2024-09-26 15:48:44',NULL),(288,288,27.8916360,-82.8190230,'2025-10-27 11:45:30','2026-05-12 10:49:45','2026-05-12 10:49:45',0,105,'26940','1.0.8.0','13120 Vonn Rd, Largo','2025-10-16 12:31:00',NULL),(289,289,27.7919940,-82.6554340,'2025-10-28 20:21:55','2026-05-12 10:49:45','2026-05-12 10:49:45',0,99,'26941','1.0.8.0','22nd Ave N + 16th St N, St. Petersburg','2025-10-28 20:21:55',NULL),(290,290,27.7959420,-82.6662750,'2025-12-10 20:27:48','2026-05-12 10:49:45','2026-05-12 10:49:45',0,73,'26944','1.0.8.0','2450 24th St N, St. Petersburg','2025-12-01 05:22:41',NULL),(291,291,27.8683740,-82.7827530,'2026-04-29 15:36:08','2026-05-12 10:49:45','2026-05-12 10:49:45',1,127,'26943','2.0.1','10548 Palm Dr, Largo','2026-03-29 05:23:42',NULL),(292,292,27.7942680,-82.6669620,'2026-04-07 12:56:11','2026-05-12 10:49:45','2026-05-12 10:49:45',0,105,'26945','1.0.8.0','2500 25th Ave N, St. Petersburg','2026-04-07 12:56:11',NULL),(293,293,27.7939450,-82.6675110,'2026-04-29 07:13:41','2026-05-12 10:49:45','2026-05-12 10:49:45',0,91,'26942','1.0.8.0','2400 25th St N, St. Petersburg','2026-04-27 12:59:50',NULL),(294,294,28.0124550,-82.7664570,'2026-04-25 02:36:27','2026-05-12 10:49:45','2026-05-12 10:49:45',1,105,'26939','1.0.8.0','1165 Dixon Ct, Dunedin','2026-04-21 14:08:36',NULL),(295,295,27.9064620,-82.7269820,'2026-04-29 16:58:52','2026-05-12 10:49:45','2026-05-12 10:49:45',1,96,'26950','1.0.8.0','14782 Mockingbird Ln W, Clearwater','2026-04-29 16:58:52',NULL),(296,296,27.9778190,-82.7480620,'2026-04-09 23:14:30','2026-05-12 10:49:45','2026-05-12 10:49:45',0,87,'26946','1.0.8.0','2131 Range Rd, Clearwater','2026-04-08 07:25:11',NULL),(297,297,27.7940920,-82.6668090,'2025-09-23 13:25:03','2026-05-12 10:49:45','2026-05-12 10:49:45',0,95,'26949','2.0.1','2480 25th St N, St. Petersburg','2025-09-22 13:23:37',NULL),(298,298,27.8916360,-82.8190230,'2026-04-24 19:10:27','2026-05-12 10:49:45','2026-05-12 10:49:45',0,96,'26948','1.0.8.0','13120 Vonn Rd, Largo','2026-04-24 19:10:27',NULL),(299,299,28.0330520,-82.7198260,'2026-01-12 10:12:38','2026-05-12 10:49:45','2026-05-12 10:49:45',1,96,'26947','1.0.8.0','3046 Eagles Landing Cir W, Clearwater','2026-01-08 06:52:40',NULL),(300,300,27.9778730,-82.7480160,'2025-10-19 02:18:40','2026-05-12 10:49:45','2026-05-12 10:49:45',0,88,'26953','1.0.8.0','2121 Range Rd, Clearwater','2025-10-10 03:08:41',NULL),(301,301,28.0004350,-82.7075650,'2026-03-17 13:06:05','2026-05-12 10:49:45','2026-05-12 10:49:45',1,91,'26952','1.0.8.0','1825 Lake Cypress Dr, Safety Harbor','2026-01-25 16:33:06',NULL),(302,302,27.9440270,-82.7600250,'2026-03-04 20:51:22','2026-05-12 10:49:45','2026-05-12 10:49:45',1,117,'26951','1.0.8.0','1864 Redcoat Ln, Clearwater','2026-03-04 08:43:53',NULL),(303,303,27.7941070,-82.6669080,'2025-08-11 11:14:55','2026-05-12 10:49:46','2026-05-12 10:49:46',0,98,'26960','2.0.1','2440 25th St N, St. Petersburg','2025-08-11 11:14:55',NULL),(304,304,27.8850750,-82.8469090,'2024-09-26 17:28:41','2026-05-12 10:49:46','2026-05-12 10:49:46',0,96,'26958','1.0.8.0','309 6th Ave, Indian Rocks Beach','2024-09-26 14:47:10',NULL),(305,305,27.7948530,-82.6655430,'2025-12-04 09:20:11','2026-05-12 10:49:46','2026-05-12 10:49:46',0,92,'26955','1.0.8.0','2450 25th St N, St. Petersburg','2025-12-03 09:24:21',NULL),(306,306,27.9014490,-82.7364350,'2026-01-17 04:23:28','2026-05-12 10:49:46','2026-05-12 10:49:46',1,88,'26954','2.0.1','185 Social Cir W, Clearwater','2025-07-12 10:09:34',NULL),(307,307,27.9261510,-82.7423480,'2024-12-21 19:35:18','2026-05-12 10:49:46','2026-05-12 10:49:46',1,82,'26957','1.0.8.0','1909 Oro Ct, Clearwater','2024-12-21 13:34:05',NULL),(308,308,27.7947790,-82.6655960,'2025-11-22 08:21:21','2026-05-12 10:49:46','2026-05-12 10:49:46',0,88,'26956','1.0.8.0','2450 25th St N, St. Petersburg','2025-11-20 08:25:40',NULL),(309,309,27.7940790,-82.6668470,'2026-01-23 06:03:10','2026-05-12 10:49:46','2026-05-12 10:49:46',0,89,'26959','1.0.8.0','2480 25th St N, St. Petersburg','2026-01-22 14:02:04',NULL),(310,310,27.9779910,-82.7478180,'2024-10-14 05:29:04','2026-05-12 10:49:46','2026-05-12 10:49:46',0,89,'26961','1.0.8.0','1255 Range Rd, Clearwater','2024-10-06 05:42:48',NULL),(311,311,27.9779870,-82.7480320,'2025-12-28 09:41:04','2026-05-12 10:49:46','2026-05-12 10:49:46',0,101,'26965','1.0.8.0','2121 Range Rd, Clearwater','2025-12-24 17:43:45',NULL),(312,312,27.8853870,-82.6812670,'2026-03-03 15:32:43','2026-05-12 10:49:46','2026-05-12 10:49:46',0,100,'26963','1.0.8.0','126TH The Mall, Clearwater','2026-03-03 15:32:43',NULL),(313,313,27.9239710,-82.7467120,'2026-04-20 12:56:17','2026-05-12 10:49:46','2026-05-12 10:49:46',1,118,'26964','1.0.8.0','1993 Temple Terrace, Clearwater','2026-04-09 23:16:55',NULL),(314,314,27.8867840,-82.6842580,'2025-10-02 00:17:11','2026-05-12 10:49:46','2026-05-12 10:49:46',0,91,'26962','1.0.8.0','3805 126th Ave N, Clearwater','2025-09-23 16:38:10',NULL),(315,315,27.9336010,-82.7868800,'2025-02-08 14:37:58','2026-05-12 10:49:46','2026-05-12 10:49:46',0,97,'26967','1.0.7.1','1100 Auburn St, Clearwater','2025-01-25 23:05:28',NULL),(316,316,27.9778560,-82.7480930,'2026-04-29 07:40:52','2026-05-12 10:49:46','2026-05-12 10:49:46',0,108,'26969','1.0.8.0','2121 Range Rd, Clearwater','2026-04-27 15:49:11',NULL),(317,317,27.7941460,-82.6667020,'2026-03-08 16:45:13','2026-05-12 10:49:46','2026-05-12 10:49:46',0,90,'26968','1.0.8.0','2480 25th St N, St. Petersburg','2026-03-04 08:45:42',NULL),(318,318,28.0772060,-82.7019880,'2026-04-29 15:38:56','2026-05-12 10:49:46','2026-05-12 10:49:46',1,116,'26966','1.0.8.0','1933 E Lake Rd S, Palm Harbor','2025-12-07 20:24:11',NULL),(319,319,27.7959160,-82.6661760,'2026-04-29 06:03:22','2026-05-12 10:49:46','2026-05-12 10:49:46',0,89,'26970','1.0.8.0','2450 24th St N, St. Petersburg','2026-04-20 22:20:39',NULL),(320,320,27.9778000,-82.7480320,'2025-12-28 19:28:10','2026-05-12 10:49:46','2026-05-12 10:49:46',0,83,'26971','1.0.8.0','2131 Range Rd, Clearwater','2025-12-26 19:33:58',NULL),(321,321,27.8867110,-82.6843110,'2026-02-07 01:52:10','2026-05-12 10:49:46','2026-05-12 10:49:46',0,69,'26975','1.0.8.0','3805 126th Ave N, Clearwater','2026-02-04 17:54:28',NULL),(322,322,27.9656200,-82.7306520,'2025-02-09 19:30:58','2026-05-12 10:49:46','2026-05-12 10:49:46',0,92,'26972','1.0.8.0','21252 US Hwy 19 N, Clearwater','2025-01-27 19:57:04',NULL),(323,323,27.8950120,-82.7206570,'2025-10-29 14:16:10','2026-05-12 10:49:46','2026-05-12 10:49:46',0,114,'26973','1.0.8.0','13548 61st Way N, Clearwater','2025-10-21 20:15:10',NULL),(324,324,27.7941320,-82.6669460,'2026-01-26 07:56:03','2026-05-12 10:49:46','2026-05-12 10:49:46',1,94,'26974','2.0.1','2480 25th St N, St. Petersburg','2025-07-07 05:52:01',NULL),(325,325,27.8571210,-82.6959300,'2025-08-08 09:22:17','2026-05-12 10:49:46','2026-05-12 10:49:46',1,118,'26976','1.0.8.0','9365 US Hwy 19 N, Pinellas Park','2024-06-16 13:21:10',NULL),(326,326,27.7919940,-82.6554340,'2026-04-21 05:37:22','2026-05-12 10:49:46','2026-05-12 10:49:46',0,92,'26977','1.0.8.0','22nd Ave N + 16th St N, St. Petersburg','2026-04-20 13:39:11',NULL),(327,327,27.7953850,-82.6663060,'2025-09-30 14:22:19','2026-05-12 10:49:46','2026-05-12 10:49:46',0,112,'26980','1.0.8.0','2501 25th Ave N, St. Petersburg','2025-09-30 14:22:19',NULL),(328,328,28.0230220,-82.7522430,'2026-04-13 10:15:12','2026-05-12 10:49:46','2026-05-12 10:49:46',1,106,'26982','1.0.8.0','1849 Dinnerbell Ln S, Dunedin','2026-04-13 10:15:12',NULL),(329,329,27.9779740,-82.7480320,'2025-11-10 15:19:40','2026-05-12 10:49:46','2026-05-12 10:49:46',0,77,'26979','1.0.8.0','2121 Range Rd, Clearwater','2025-11-06 15:38:04',NULL),(330,330,27.7068160,-82.6522600,'2026-03-12 14:16:40','2026-05-12 10:49:46','2026-05-12 10:49:46',1,106,'26985','1.0.7.1','6775 14th St S, St. Petersburg','2025-08-20 15:52:03',NULL),(331,331,27.7939990,-82.6665880,'2026-04-28 18:35:21','2026-05-12 10:49:46','2026-05-12 10:49:46',0,91,'26983','1.0.8.0','2450 25th St N, St. Petersburg','2026-04-23 10:22:36',NULL),(332,332,27.8916360,-82.8190230,'2025-10-15 09:42:13','2026-05-12 10:49:46','2026-05-12 10:49:46',0,109,'26978','1.0.8.0','13120 Vonn Rd, Largo','2025-10-15 09:42:13',NULL),(333,333,27.9656200,-82.7306520,'2026-04-23 08:16:01','2026-05-12 10:49:46','2026-05-12 10:49:46',0,108,'26981','1.0.8.0','21252 US Hwy 19 N, Clearwater','2026-04-16 16:34:27',NULL),(334,334,27.8916660,-82.7945630,'2026-04-20 11:50:55','2026-05-12 10:49:46','2026-05-12 10:49:46',1,133,'26984','1.0.8.0','11190 131st Ave, Largo','2026-04-17 11:19:47',NULL),(335,335,28.6278250,-81.2420730,'2024-11-11 06:22:28','2026-05-12 10:49:46','2026-05-12 10:49:46',0,89,'26989','1.0.8.0','2799 FL-426, Oviedo','2024-11-11 06:22:28',NULL),(336,336,27.7941250,-82.6663740,'2023-09-09 20:23:42','2026-05-12 10:49:46','2026-05-12 10:49:46',0,101,'26993','1.0.8.0','2450 25th St N, St. Petersburg','2023-09-08 12:28:00',NULL),(337,337,28.6825200,-81.3440930,'2026-01-17 02:28:40','2026-05-12 10:49:46','2026-05-12 10:49:46',0,59,'26992','1.0.8.0','150 Progress Energy Way, Longwood','2026-01-14 18:35:11',NULL),(338,338,28.5387000,-81.1569520,'2024-08-19 15:24:08','2026-05-12 10:49:46','2026-05-12 10:49:46',1,129,'26990','1.0.8.0','1433 Lexi Davis St, Orlando','2024-08-16 14:16:41',NULL),(339,339,28.2191870,-82.6706160,'2025-10-16 01:48:02','2026-05-12 10:49:46','2026-05-12 10:49:46',0,83,'26991','2.0.1','4115 St Lawrence Dr, New Port Richey','2025-10-15 17:47:41',NULL),(340,340,27.8617120,-82.7174000,'2022-11-30 19:20:03','2026-05-12 10:49:46','2026-05-12 10:49:46',1,103,'26987','1.0.8.0','6030 99th Ave N, Pinellas Park','2022-11-06 18:03:30',NULL),(341,341,27.8793640,-82.8130340,'2025-11-02 13:36:37','2026-05-12 10:49:46','2026-05-12 10:49:46',0,96,'26986','2.0.1','12600 Walsingham Rd, Largo','2025-11-02 13:36:37',NULL),(342,342,27.8797590,-82.8132400,'2025-11-01 22:31:27','2026-05-12 10:49:46','2026-05-12 10:49:46',0,78,'26988','2.0.1','12650 Walsingham Rd, Largo','2025-10-20 16:32:03',NULL),(343,343,28.6825240,-81.3441240,'2025-10-25 21:45:49','2026-05-12 10:49:46','2026-05-12 10:49:46',0,89,'26994','1.0.8.0','150 Progress Energy Way, Longwood','2025-10-24 21:47:49',NULL),(344,344,28.6636310,-81.2218700,'2025-11-13 03:28:03','2026-05-12 10:49:46','2026-05-12 10:49:46',1,85,'26998','1.0.8.0','822 Lincoln Pkwy, Oviedo','2025-07-31 04:52:10',NULL),(345,345,28.3989010,-81.6400150,'2026-01-25 19:02:20','2026-05-12 10:49:46','2026-05-12 10:49:46',1,109,'27000','1.0.8.0','11096 Silver Surfer Alley, Winter Garden','2026-01-25 19:02:20',NULL),(346,346,28.7029130,-81.2966610,'2025-08-26 11:54:50','2026-05-12 10:49:46','2026-05-12 10:49:46',1,120,'26996','1.0.7.1','218 Wade St, Winter Springs','2025-06-10 01:41:49',NULL),(347,347,28.6272540,-81.2423480,'2024-11-03 08:27:40','2026-05-12 10:49:46','2026-05-12 10:49:46',0,95,'26997','1.0.8.0','2801 W State Rd 426, Oviedo','2024-10-24 08:43:40',NULL),(348,348,27.7945520,-82.6645360,'2023-02-15 12:05:19','2026-05-12 10:49:46','2026-05-12 10:49:46',0,120,'26995','1.0.8.0','2442 23rd St N, St. Petersburg','2023-02-15 12:05:19',NULL),(349,349,28.3721240,-81.5480350,'2026-04-29 14:57:23','2026-05-12 10:49:46','2026-05-12 10:49:46',0,104,'27001','1.0.8.0','200 Epcot Center Dr, Lake Buena Vista','2026-04-29 06:59:47',NULL),(350,350,28.5763190,-81.5623630,'2025-11-28 23:43:29','2026-05-12 10:49:46','2026-05-12 10:49:46',0,85,'26999','1.0.7.1','SIM: N/A use Coordinate','2025-10-25 02:48:10',NULL),(351,351,28.3942050,-81.5341870,'2026-01-17 07:33:40','2026-05-12 10:49:46','2026-05-12 10:49:46',0,79,'27007','1.0.8.0','3250 Bonnet Creek Rd, Orlando','2026-01-17 07:33:40',NULL),(352,352,28.4651790,-81.5028230,'2026-01-16 20:17:35','2026-05-12 10:49:46','2026-05-12 10:49:46',1,81,'27005','1.0.8.0','SIM: N/A use Coordinate','2025-12-19 10:42:27',NULL),(353,353,28.6324500,-81.8127440,'2025-12-04 15:26:28','2026-05-12 10:49:46','2026-05-12 10:49:46',0,91,'27008','1.0.8.0','J5JP+XW Groveland, FL','2025-12-04 15:26:28',NULL),(354,354,28.5762330,-81.5633540,'2026-03-06 23:56:59','2026-05-12 10:49:46','2026-05-12 10:49:46',0,85,'27006','1.0.8.0','402 E Crown Point Rd, Winter Garden','2026-03-05 16:00:59',NULL),(355,355,28.7304290,-81.5178600,'2024-10-31 14:29:20','2026-05-12 10:49:46','2026-05-12 10:49:46',0,94,'27009','1.0.8.0','275 W Ponkan Rd, Apopka','2024-10-29 14:34:21',NULL),(356,356,28.5764810,-81.5630800,'2025-02-25 16:28:53','2026-05-12 10:49:46','2026-05-12 10:49:46',0,86,'27004','1.0.8.0','402 E Crown Point Rd, Winter Garden','2025-02-11 16:49:19',NULL),(357,357,28.6277140,-81.2422100,'2024-11-26 16:10:34','2026-05-12 10:49:46','2026-05-12 10:49:46',0,85,'27002','1.0.8.0','2801 FL-426, Oviedo','2024-11-21 00:13:58',NULL),(358,358,28.5763800,-81.5633620,'2025-11-13 22:46:10','2026-05-12 10:49:46','2026-05-12 10:49:46',0,74,'27003','1.0.8.0','531 Susan B Britt Ct, Winter Garden','2025-10-21 23:07:04',NULL),(359,359,28.3656860,-81.6656110,'2026-01-17 03:08:23','2026-05-12 10:49:46','2026-05-12 10:49:46',1,79,'27010','1.0.8.0','17533 Hidden Forest Dr, Clermont','2026-01-09 13:51:40',NULL),(360,360,27.7941490,-82.6668470,'2026-04-14 13:28:22','2026-05-12 10:49:46','2026-05-12 10:49:46',0,106,'27014','1.0.8.0','2500 25th Ave N, St. Petersburg','2026-04-14 13:28:22',NULL),(361,361,28.3721240,-81.5480350,'2025-09-03 22:11:47','2026-05-12 10:49:46','2026-05-12 10:49:46',0,92,'27012','1.0.8.0','200 Epcot Center Dr, Lake Buena Vista','2025-09-03 06:26:36',NULL),(362,362,28.5763190,-81.5635150,'2025-04-25 13:15:34','2026-05-12 10:49:46','2026-05-12 10:49:46',0,103,'27016','1.0.8.0','531 Susan B Britt Ct, Winter Garden','2025-04-24 05:23:10',NULL),(363,363,28.5762580,-81.5633240,'2026-03-31 00:45:00','2026-05-12 10:49:46','2026-05-12 10:49:46',0,82,'27017','1.0.8.0','402 E Crown Point Rd, Winter Garden','2026-03-10 17:35:59',NULL),(364,364,28.3941040,-81.5345230,'2022-11-14 12:30:10','2026-05-12 10:49:46','2026-05-12 10:49:46',0,100,'27011','1.0.8.0','9FV8+J5 Lake Buena Vista, FL','2022-11-14 12:30:10',NULL),(365,365,28.3946900,-81.5343250,'2025-08-19 10:59:45','2026-05-12 10:49:46','2026-05-12 10:49:46',0,109,'27013','1.0.8.0','3250 Bonnet Creek Rd, Orlando','2025-08-10 03:30:11',NULL),(366,366,28.3958700,-81.5342100,'2025-01-30 13:54:19','2026-05-12 10:49:46','2026-05-12 10:49:46',0,92,'27015','1.0.8.0','3300c Bonnet Creek Rd, Orlando','2025-01-16 14:01:41',NULL),(367,367,28.4458830,-81.3484650,'2026-04-07 21:44:11','2026-05-12 10:49:46','2026-05-12 10:49:46',0,84,'27021','1.0.8.0','8407 Boggy Creek Rd, Orlando','2026-04-04 21:51:20',NULL),(368,368,28.3940260,-81.5344310,'2025-11-09 14:57:38','2026-05-12 10:49:46','2026-05-12 10:49:46',0,92,'27018','1.0.8.0','3250 Bonnet Creek Rd, Orlando','2025-11-03 07:30:34',NULL),(369,369,28.3941760,-81.5344700,'2025-11-05 13:11:04','2026-05-12 10:49:46','2026-05-12 10:49:46',0,94,'27019','1.0.8.0','3250 Bonnet Creek Rd, Orlando','2025-11-03 05:14:58',NULL),(370,370,28.4586910,-81.3834000,'2025-02-25 20:56:37','2026-05-12 10:49:46','2026-05-12 10:49:46',0,74,'27022','1.0.7.1','663 Marot St, Orlando','2025-02-04 12:40:49',NULL),(371,371,28.5470700,-81.7128600,'2025-10-14 10:36:12','2026-05-12 10:49:46','2026-05-12 10:49:46',0,100,'27025','1.0.7.1','11 State Rte 50, Clermont','2025-10-14 10:36:12',NULL),(372,372,28.7509730,-81.3715360,'2024-12-03 09:07:11','2026-05-12 10:49:46','2026-05-12 10:49:46',0,102,'27024','1.0.8.0','3648 Farm Bell Pl, Lake Mary','2024-12-03 09:07:11',NULL),(373,373,28.6272950,-81.2423320,'2024-10-30 12:09:50','2026-05-12 10:49:46','2026-05-12 10:49:46',0,94,'27023','1.0.8.0','2801 W State Rd 426, Oviedo','2024-10-29 04:10:10',NULL),(374,374,28.6278650,-81.2423550,'2024-12-13 22:12:34','2026-05-12 10:49:46','2026-05-12 10:49:46',0,77,'27020','1.0.8.0','2797 W Florida 426, Oviedo','2024-12-10 06:23:35',NULL),(375,375,28.3941150,-81.5344920,'2026-01-16 23:47:04','2026-05-12 10:49:46','2026-05-12 10:49:46',0,59,'27026','1.0.7.1','3250 Bonnet Creek Rd, Orlando','2026-01-06 16:15:49',NULL),(376,376,27.7950550,-82.6656570,'2025-01-29 20:48:10','2026-05-12 10:49:46','2026-05-12 10:49:46',0,75,'27029','1.0.7.1','2450 25th St N, St. Petersburg','2024-09-20 19:36:40',NULL),(377,377,28.5639320,-81.7352600,'2026-02-14 08:11:05','2026-05-12 10:49:46','2026-05-12 10:49:46',0,92,'27027','1.0.7.1','SIM: N/A use Coordinate','2026-02-12 00:12:34',NULL),(378,378,28.2464890,-82.2277530,'2026-04-10 08:10:19','2026-05-12 10:49:46','2026-05-12 10:49:46',0,94,'27032','1.0.8.0','35668 Eastbrook Ave, Zephyrhills','2026-04-06 16:23:25',NULL),(379,379,28.3818680,-81.5439760,'2024-11-07 12:30:36','2026-05-12 10:49:46','2026-05-12 10:49:46',0,121,'27031','1.0.8.0','200 Epcot Center Dr, Orlando','2024-11-07 12:30:36',NULL),(380,380,28.6295340,-81.2415080,'2026-04-29 15:14:29','2026-05-12 10:49:46','2026-05-12 10:49:46',0,104,'27028','1.0.7.1','2751 W Florida 426, Oviedo','2026-04-29 15:14:29',NULL),(381,381,28.6824950,-81.3440780,'2025-10-11 18:19:42','2026-05-12 10:49:46','2026-05-12 10:49:46',0,94,'27033','1.0.7.1','GSM: VWV5+6J Wiggins, MS','2025-09-20 03:18:04',NULL),(382,382,28.5765300,-81.5632780,'2025-02-04 11:07:29','2026-05-12 10:49:46','2026-05-12 10:49:46',0,102,'27030','1.0.8.0','531 Susan B Britt Ct, Winter Garden','2025-01-29 11:18:11',NULL),(383,383,28.6274450,-81.2420580,'2024-12-10 23:02:51','2026-05-12 10:49:46','2026-05-12 10:49:46',0,85,'27034','1.0.8.0','2801 W State Rd 426, Oviedo','2024-12-04 07:11:11',NULL),(384,384,28.2191660,-82.6693500,'2026-04-10 07:02:29','2026-05-12 10:49:46','2026-05-12 10:49:46',0,85,'27038','1.0.8.0','4121 St Lawrence Dr, New Port Richey','2026-04-09 15:06:01',NULL),(385,385,28.5762860,-81.5631640,'2025-09-06 22:47:11','2026-05-12 10:49:46','2026-05-12 10:49:46',0,92,'27037','1.0.8.0','402 E Crown Point Rd, Winter Garden','2025-09-04 06:52:41',NULL),(386,386,28.6272090,-81.2417830,'2025-01-16 02:04:10','2026-05-12 10:49:46','2026-05-12 10:49:46',0,71,'27041','1.0.8.0','2801 W State Rd 426, Oviedo','2025-01-15 10:01:40',NULL),(387,387,28.3941900,-81.5345080,'2025-05-05 07:24:28','2026-05-12 10:49:46','2026-05-12 10:49:46',0,102,'27039','1.0.8.0','9FV8+M5 Lake Buena Vista, FL','2025-05-02 07:33:10',NULL),(388,388,28.7068000,-81.3060610,'2025-09-22 11:11:40','2026-05-12 10:49:46','2026-05-12 10:49:46',0,120,'27036','1.0.8.0','101 Lisa Loop, Winter Springs','2025-09-22 11:11:40',NULL),(389,389,28.5764850,-81.5632480,'2022-06-09 06:15:46','2026-05-12 10:49:46','2026-05-12 10:49:46',1,98,'27040','1.0.8.0','402 E Crown Point Rd, Winter Garden','2022-06-09 06:15:46',NULL),(390,390,28.6486320,-81.3978730,'2026-04-29 07:31:19','2026-05-12 10:49:46','2026-05-12 10:49:46',1,113,'27035','1.0.8.0','124 Spring Valley Loop, Altamonte Springs','2026-04-19 11:16:23',NULL),(391,391,28.5225140,-81.5123060,'2025-08-22 21:50:36','2026-05-12 10:49:46','2026-05-12 10:49:46',1,110,'27049','1.0.8.0','1638 Roberts Landing Rd, Windermere','2025-05-20 15:30:28',NULL),(392,392,28.5242480,-81.5459980,'2024-09-27 18:25:10','2026-05-12 10:49:46','2026-05-12 10:49:46',1,98,'27044','1.0.8.0','1425 Glenheather Dr, Windermere','2024-09-27 18:25:10',NULL),(393,393,27.7950230,-82.6655430,'2025-12-07 02:49:04','2026-05-12 10:49:46','2026-05-12 10:49:46',0,81,'27042','1.0.8.0','2450 25th St N, St. Petersburg','2025-12-05 10:54:11',NULL),(394,394,28.5763050,-81.5632780,'2025-11-09 01:38:41','2026-05-12 10:49:46','2026-05-12 10:49:46',0,89,'27043','1.0.8.0','402 E Crown Point Rd, Winter Garden','2025-10-20 18:08:10',NULL),(395,395,28.5764410,-81.5632630,'2025-05-18 14:59:10','2026-05-12 10:49:46','2026-05-12 10:49:46',0,103,'27046','1.0.8.0','531 Susan B Britt Ct, Winter Garden','2025-04-27 07:14:50',NULL),(396,396,28.6825450,-81.3441090,'2026-04-29 10:14:41','2026-05-12 10:49:46','2026-05-12 10:49:46',0,102,'27045','1.0.8.0','150 Progress Energy Way, Longwood','2026-04-28 10:15:59',NULL),(397,397,28.4459590,-81.3480530,'2026-01-12 08:20:10','2026-05-12 10:49:46','2026-05-12 10:49:46',0,77,'27047','1.0.8.0','8393 Boggy Creek Rd, Orlando','2026-01-03 16:59:40',NULL),(398,398,28.5672170,-81.5576170,'2026-03-20 17:37:51','2026-05-12 10:49:46','2026-05-12 10:49:46',0,96,'27048','1.0.8.0','2000 Saba St, Ocoee','2026-03-15 09:40:10',NULL),(399,399,28.7033440,-81.2039640,'2023-07-24 12:53:21','2026-05-12 10:49:46','2026-05-12 10:49:46',1,129,'N/A','2.0.1','2360 Black Hammock Rd, Oviedo','2023-07-24 12:53:21',NULL),(400,400,28.7035120,-81.2040250,'2022-02-25 08:02:25','2026-05-12 10:49:46','2026-05-12 10:49:46',0,112,'','1.0.8','2360 Black Hammock Rd, Oviedo','2022-02-23 17:05:54',NULL),(401,401,28.7033790,-81.2040790,'2025-10-20 05:53:34','2026-05-12 10:49:46','2026-05-12 10:49:46',0,32,'','2.0.2','2360 Black Hammock Rd, Oviedo','2025-10-20 05:53:34',NULL),(402,402,28.4459040,-81.3487090,'2024-11-26 13:11:07','2026-05-12 10:49:46','2026-05-12 10:49:46',0,94,'N/A','2.0.2','8407 Boggy Creek Rd, Orlando','2024-11-01 13:45:28',NULL),(403,403,28.7446540,-81.5576780,'2026-04-29 15:18:51','2026-05-12 10:49:46','2026-05-12 10:49:46',1,127,'27401','2.0.1','2870 Sand Oak Lp, Apopka','2026-04-17 19:51:40',NULL),(404,404,28.7145600,-81.3349080,'2025-01-30 11:00:36','2026-05-12 10:49:46','2026-05-12 10:49:46',0,96,'27403','2.0.1','611 Pheasant Ave, Longwood','2025-01-02 11:03:39',NULL),(405,405,29.0320890,-81.3258060,'2026-04-15 16:51:27','2026-05-12 10:49:46','2026-05-12 10:49:46',0,98,'27402','2.0.1','300 N Cranor Ave, DeLand','2026-03-23 14:44:00',NULL),(406,406,28.6270920,-81.2421570,'2025-02-01 07:31:56','2026-05-12 10:49:46','2026-05-12 10:49:46',0,81,'27400','2.0.1','2801 W State Rd 426, Oviedo','2025-01-24 15:32:39',NULL),(407,407,28.6294840,-81.2413940,'2024-11-12 20:47:57','2026-05-12 10:49:46','2026-05-12 10:49:46',0,100,'27404','2.0.1','GSM: 887 Royalwood Ln, Oviedo','2024-11-03 04:57:30',NULL),(408,408,28.6274570,-81.2424390,'2024-12-06 19:31:04','2026-05-12 10:49:46','2026-05-12 10:49:46',0,70,'27405','2.0.1','2801 FL-426, Oviedo','2024-11-29 19:24:12',NULL),(409,409,27.7942540,-82.6671370,'2024-10-21 09:53:33','2026-05-12 10:49:46','2026-05-12 10:49:46',1,89,'27407','2.0.1','2480 25th St N, St. Petersburg','2024-10-21 09:53:33',NULL),(410,410,28.4461920,-81.3486330,'2026-01-17 06:28:02','2026-05-12 10:49:46','2026-05-12 10:49:46',0,69,'27406','2.0.1','8407 Boggy Creek Rd, Orlando','2026-01-16 22:30:01',NULL),(411,411,28.6274240,-81.2424620,'2023-10-20 05:11:35','2026-05-12 10:49:46','2026-05-12 10:49:46',0,77,'27408','2.0.1','2801 FL-426, Oviedo','2023-10-18 21:16:19',NULL),(412,412,28.7316340,-81.3564000,'2026-02-11 08:12:58','2026-05-12 10:49:46','2026-05-12 10:49:46',1,106,'27410','2.0.1','877 Silversmith Cir, Lake Mary','2026-01-31 06:52:49',NULL),(413,413,28.6822810,-81.3440250,'2025-01-28 15:43:00','2026-05-12 10:49:46','2026-05-12 10:49:46',0,85,'27411','2.0.1','150 Progress Energy Way, Longwood','2025-01-27 17:48:57',NULL),(414,414,28.6443810,-81.3807910,'2025-05-06 16:24:53','2026-05-12 10:49:46','2026-05-12 10:49:46',1,125,'27409','2.0.1','307 Monticello Dr, Altamonte Springs','2025-05-06 15:47:31',NULL),(415,415,28.6499670,-81.3719020,'2025-07-08 07:33:49','2026-05-12 10:49:46','2026-05-12 10:49:46',0,141,'27412','2.0.1','520 Astria St, Altamonte Springs','2025-07-08 07:31:10',NULL),(416,416,28.6274170,-81.2420730,'2023-10-25 09:29:00','2026-05-12 10:49:46','2026-05-12 10:49:46',0,95,'27413','2.0.1','2801 W State Rd 426, Oviedo','2023-10-05 18:31:24',NULL),(417,417,28.8453010,-82.3667140,'2026-04-03 01:18:18','2026-05-12 10:49:46','2026-05-12 10:49:46',0,90,'27414','2.0.1','517 Independence Hwy, Inverness','2026-03-26 01:36:35',NULL),(418,418,28.5296900,-81.1987920,'2026-01-12 11:25:16','2026-05-12 10:49:46','2026-05-12 10:49:46',1,110,'27415','2.0.1','1112 Sweetbrook Way, Orlando','2025-12-22 15:02:05',NULL),(419,419,27.7942140,-82.6669390,'2025-06-18 06:27:50','2026-05-12 10:49:46','2026-05-12 10:49:46',1,91,'27418','2.0.1','2440 25th St N, St. Petersburg','2024-10-02 12:17:46',NULL),(420,420,27.7939720,-82.6668470,'2025-08-26 08:01:37','2026-05-12 10:49:46','2026-05-12 10:49:46',1,106,'27419','2.0.1','2440 25th St N, St. Petersburg','2025-08-26 08:01:37',NULL),(421,421,27.7943360,-82.6667020,'2025-10-21 07:29:23','2026-05-12 10:49:46','2026-05-12 10:49:46',1,102,'27416','2.0.1','2501 25th Ave N, St. Petersburg','2025-10-21 07:29:23',NULL),(422,422,28.5080970,-81.2297130,'2026-03-11 11:14:40','2026-05-12 10:49:46','2026-05-12 10:49:46',1,104,'27417','2.0.1','GSM: 73JJC7GF+QJ','2025-03-30 14:41:25',NULL),(423,423,28.6699140,-81.2280960,'2024-07-07 19:56:50','2026-05-12 10:49:46','2026-05-12 10:49:46',1,106,'27421','2.0.1','130 Oak Bend Ct, Oviedo','2024-07-07 19:56:50',NULL),(424,424,28.6891770,-81.2104870,'2025-09-09 09:16:37','2026-05-12 10:49:46','2026-05-12 10:49:46',1,125,'27423','2.0.1','189 Ethan Hammock Ct, Oviedo','2025-08-18 18:40:00',NULL),(425,425,27.7941060,-82.6669160,'2024-10-21 10:07:51','2026-05-12 10:49:46','2026-05-12 10:49:46',1,92,'27424','2.0.1','2480 25th St N, St. Petersburg','2024-10-21 10:07:51',NULL),(426,426,28.6131110,-81.1827240,'2023-06-07 10:34:07','2026-05-12 10:49:46','2026-05-12 10:49:46',0,131,'27422','2.0.1','4457 Drayton Ln, Oviedo','2023-06-07 10:34:07',NULL),(427,427,28.6866230,-81.3196260,'2023-11-27 09:10:02','2026-05-12 10:49:46','2026-05-12 10:49:46',0,92,'27425','2.0.1','819 Osceola Trail, Casselberry','2023-11-27 09:10:02',NULL),(428,428,28.5882240,-81.1284940,'2024-11-07 10:19:30','2026-05-12 10:49:46','2026-05-12 10:49:46',0,128,'27420','2.0.1','17101 Guilford Ct, Orlando','2024-11-07 10:19:30',NULL),(429,429,28.4460890,-81.3484880,'2024-09-20 12:35:56','2026-05-12 10:49:46','2026-05-12 10:49:46',1,91,'27426','2.0.1','GSM: 1940 18th Ave N, St. Petersburg','2024-09-20 12:35:56',NULL),(430,430,28.6348880,-81.3023910,'2025-07-18 12:31:12','2026-05-12 10:49:46','2026-05-12 10:49:46',1,147,'27427','2.0.1','2032 Soaring Oak Wy, Winter Park','2025-07-12 17:48:49',NULL),(431,431,28.6595130,-81.3317260,'2024-10-13 14:14:08','2026-05-12 10:49:46','2026-05-12 10:49:46',1,114,'27429','2.0.1','40 Bayberry Branch, Casselberry','2024-10-13 14:14:08',NULL),(432,432,28.5615730,-81.1427990,'2024-08-18 12:20:35','2026-05-12 10:49:46','2026-05-12 10:49:46',1,127,'27428','2.0.1','16062 Old Cheney Hwy, Orlando','2024-08-18 12:20:35',NULL),(433,433,27.7942030,-82.6668400,'2025-10-29 06:52:27','2026-05-12 10:49:46','2026-05-12 10:49:46',1,90,'27433','2.0.1','2480 25th St N, St. Petersburg','2025-04-09 09:34:17',NULL),(434,434,28.6273370,-81.2422870,'2023-11-01 10:29:09','2026-05-12 10:49:46','2026-05-12 10:49:46',0,86,'27431','2.0.1','2801 W State Rd 426, Oviedo','2023-10-26 02:46:03',NULL),(435,435,28.4898890,-81.5855030,'2025-08-04 10:51:46','2026-05-12 10:49:46','2026-05-12 10:49:46',0,132,'27434','2.0.1','5230 Lemon Twist Ln, Windermere','2025-08-04 10:51:46',NULL),(436,436,27.7942100,-82.6669080,'2025-04-15 11:14:56','2026-05-12 10:49:46','2026-05-12 10:49:46',1,87,'27430','2.0.1','2440 25th St N, St. Petersburg','2025-04-15 11:14:56',NULL),(437,437,27.7942890,-82.6669310,'2026-03-04 09:11:15','2026-05-12 10:49:46','2026-05-12 10:49:46',1,89,'27435','2.0.1','2500 25th St N, St. Petersburg','2026-03-04 09:11:15',NULL),(438,438,28.6478820,-81.4753800,'2026-04-29 06:05:32','2026-05-12 10:49:46','2026-05-12 10:49:46',0,113,'27432','2.0.1','1816 Concord Dr, Apopka','2026-04-29 06:05:32',NULL),(439,439,27.7942940,-82.6668170,'2025-01-21 13:38:23','2026-05-12 10:49:46','2026-05-12 10:49:46',0,105,'27440','2.0.1','2500 25th St N, St. Petersburg','2025-01-21 13:38:23',NULL),(440,440,28.7309190,-81.5178990,'2025-01-14 07:38:58','2026-05-12 10:49:46','2026-05-12 10:49:46',1,85,'27438','2.0.1','GSM: 73JJC7GF+QJ','2025-01-14 07:38:58',NULL),(441,441,28.5984380,-81.4891200,'2026-03-09 18:46:31','2026-05-12 10:49:46','2026-05-12 10:49:46',0,121,'27436','2.0.1','7821 Falabella Ct, Orlando','2026-03-09 18:46:31',NULL),(442,442,27.7952880,-82.6655500,'2025-09-05 03:16:31','2026-05-12 10:49:46','2026-05-12 10:49:46',0,95,'27442','2.0.1','2450 25th St N, St. Petersburg','2025-09-02 11:23:01',NULL),(443,443,28.2185080,-82.6696470,'2025-09-11 23:26:38','2026-05-12 10:49:46','2026-05-12 10:49:46',0,109,'27441','2.0.1','GSM: 7C4G+CC River Ridge, FL','2025-09-06 07:48:22',NULL),(444,444,27.7942010,-82.6669160,'2025-01-20 12:32:19','2026-05-12 10:49:46','2026-05-12 10:49:46',0,103,'27437','2.0.1','2480 25th St N, St. Petersburg','2025-01-20 12:32:19',NULL),(445,445,28.5762080,-81.5632710,'2025-11-19 19:18:02','2026-05-12 10:49:46','2026-05-12 10:49:46',0,92,'27443','2.0.1','402 E Crown Point Rd, Winter Garden','2025-11-01 20:28:37',NULL),(446,446,28.5761800,-81.5634310,'2026-04-29 08:13:34','2026-05-12 10:49:46','2026-05-12 10:49:46',0,109,'27439','2.0.1','402 E Crown Point Rd, Winter Garden','2026-04-02 16:37:06',NULL),(447,447,28.6275250,-81.2423930,'2024-11-10 19:16:11','2026-05-12 10:49:46','2026-05-12 10:49:46',0,100,'27446','2.0.1','2801 FL-426, Oviedo','2024-10-26 12:09:34',NULL),(448,448,28.2597520,-81.6509550,'2026-03-26 22:15:34','2026-05-12 10:49:46','2026-05-12 10:49:46',1,112,'27449','2.0.1','1554 Moon Valley Dr, Championsgate','2026-03-18 21:17:18',NULL),(449,449,28.5471480,-81.6546400,'2025-11-09 17:36:29','2026-05-12 10:49:46','2026-05-12 10:49:46',1,123,'27448','2.0.1','1850 Standing Rock Cir, Oakland','2025-11-08 17:27:23',NULL),(450,450,28.4045980,-81.4114460,'2025-07-13 07:23:14','2026-05-12 10:49:46','2026-05-12 10:49:46',0,109,'27444\r\n','2.0.1','11146 Heathcliff St, Orlando','2025-07-13 07:23:14',NULL),(451,451,27.7941000,-82.6669160,'2025-09-16 04:04:06','2026-05-12 10:49:46','2026-05-12 10:49:46',1,89,'27447','2.0.1','2480 25th St N, St. Petersburg','2025-09-11 10:31:23',NULL),(452,452,28.1306500,-82.7710190,'2026-01-25 13:51:24','2026-05-12 10:49:46','2026-05-12 10:49:46',1,120,'27445','2.0.1','1103 Beaver Dr, Tarpon Springs','2025-12-19 20:03:05',NULL),(453,453,27.7941880,-82.6670530,'2026-04-06 12:55:25','2026-05-12 10:49:46','2026-05-12 10:49:46',0,101,'27451','2.0.1','2500 25th Ave N, St. Petersburg','2026-04-06 12:55:25',NULL),(454,454,27.7941490,-82.6668010,'2025-11-05 14:26:43','2026-05-12 10:49:46','2026-05-12 10:49:46',1,106,'27450','2.0.1','GSM: 1940 18th Ave N, St. Petersburg','2025-11-05 14:26:43',NULL),(455,455,28.2192800,-82.6695400,'2024-11-28 23:57:12','2026-05-12 10:49:46','2026-05-12 10:49:46',0,100,'27459','2.0.1','GSM: 7C4G+CC Land O  Lakes, FL','2024-11-17 00:23:31',NULL),(456,456,28.5765060,-81.5639270,'2026-02-04 06:39:06','2026-05-12 10:49:46','2026-05-12 10:49:46',0,66,'27453','2.0.1','530 Susan B Britt Ct, Winter Garden','2026-02-04 06:39:06',NULL),(457,457,28.4002900,-81.3847580,'2025-09-08 03:10:58','2026-05-12 10:49:46','2026-05-12 10:49:46',0,91,'27452','2.0.1','506 Zell Dr, Orlando','2025-09-05 19:19:16',NULL),(458,458,28.5764100,-81.5632020,'2024-12-02 08:07:32','2026-05-12 10:49:46','2026-05-12 10:49:46',0,85,'27458','2.0.1','402 E Crown Point Rd, Winter Garden','2024-11-20 22:06:28',NULL),(459,459,28.5765090,-81.5635450,'2024-11-16 03:48:58','2026-05-12 10:49:46','2026-05-12 10:49:46',0,77,'27457','2.0.1','531 Susan B Britt Ct, Winter Garden','2024-10-30 12:22:31',NULL),(460,460,27.7940810,-82.6668700,'2025-09-16 04:24:39','2026-05-12 10:49:46','2026-05-12 10:49:46',1,88,'27455','2.0.1','2480 25th St N, St. Petersburg','2025-09-16 04:24:39',NULL),(461,461,28.5762270,-81.5633470,'2026-04-13 22:21:50','2026-05-12 10:49:46','2026-05-12 10:49:46',0,87,'27456','2.0.1','402 E Crown Point Rd, Winter Garden','2026-03-19 14:56:35',NULL),(462,462,28.4899830,-81.5857770,'2025-07-16 19:03:10','2026-05-12 10:49:46','2026-05-12 10:49:46',1,96,'27454','2.0.1','5218 Lemon Twist Ln, Windermere','2025-07-16 19:03:10',NULL),(463,463,28.3544480,-81.4225460,'2025-12-29 06:53:36','2026-05-12 10:49:46','2026-05-12 10:49:46',1,110,'27463','2.0.1','3285 Amaca Cir, Orlando','2025-12-16 11:01:06',NULL),(464,464,28.5983200,-81.4891280,'2026-03-09 17:12:57','2026-05-12 10:49:46','2026-05-12 10:49:46',1,100,'27462','2.0.1','7821 Falabella Ct, Orlando','2026-03-09 17:12:57',NULL),(465,465,28.6048360,-81.5139470,'2025-09-09 10:20:00','2026-05-12 10:49:46','2026-05-12 10:49:46',1,129,'27460','2.0.1','2443 Sweet Oak St, Ocoee','2025-08-25 13:41:46',NULL),(466,466,28.4482350,-81.6123580,'2026-04-29 14:04:18','2026-05-12 10:49:46','2026-05-12 10:49:46',1,127,'27467','2.0.1','15040 Wild Lime Ln, Winter Garden','2026-02-20 11:53:59',NULL),(467,467,28.4417860,-81.5829010,'2026-04-29 04:43:59','2026-05-12 10:49:46','2026-05-12 10:49:46',1,106,'27465','2.0.1','8513 Abbotsbury Dr, Windermere','2026-04-16 09:16:34',NULL),(468,468,28.5763530,-81.5633540,'2025-08-31 06:53:51','2026-05-12 10:49:46','2026-05-12 10:49:46',0,122,'27461','2.0.1','GSM: 1006 E Crown Point Rd, Ocoee','2025-08-26 22:45:58',NULL),(469,469,28.5595320,-81.5402830,'2025-07-22 09:56:06','2026-05-12 10:49:46','2026-05-12 10:49:46',1,129,'27464','2.0.1','304 Sabinal St, Ocoee','2025-07-06 01:44:01',NULL),(470,470,28.3941520,-81.5344700,'2024-10-27 07:24:28','2026-05-12 10:49:46','2026-05-12 10:49:46',1,96,'27466','2.0.1','9FV8+M6 Lake Buena Vista, FL','2024-10-27 07:24:28',NULL),(471,471,27.7941720,-82.6669080,'2025-10-02 12:09:36','2026-05-12 10:49:46','2026-05-12 10:49:46',1,92,'27475','2.0.1','2480 25th St N, St. Petersburg','2025-10-02 12:09:36',NULL),(472,472,28.2781770,-81.6682430,'2026-04-07 06:35:29','2026-05-12 10:49:46','2026-05-12 10:49:46',0,98,'27472','2.0.1','214 Orista Dr, Davenport','2026-04-07 06:35:29',NULL),(473,473,28.3541700,-81.4250110,'2026-04-28 16:15:45','2026-05-12 10:49:46','2026-05-12 10:49:46',1,112,'27468','2.0.1','GSM: 9114 Bay Point Dr, Orlando','2026-01-16 17:13:28',NULL),(474,474,28.3974080,-81.4945530,'2025-03-07 09:39:18','2026-05-12 10:49:46','2026-05-12 10:49:46',1,127,'27471','2.0.1','10902 Lemon Lake Blvd, Orlando','2025-02-20 15:27:44',NULL),(475,475,28.5568750,-81.6825030,'2026-03-17 01:03:59','2026-05-12 10:49:46','2026-05-12 10:49:46',1,94,'27473','2.0.1','232 Camelot Lp, Clermont','2026-03-10 12:12:28',NULL),(476,476,28.4569550,-81.6182020,'2025-01-31 04:26:13','2026-05-12 10:49:46','2026-05-12 10:49:46',1,102,'27470','2.0.1','14395 Black Quill Dr, Winter Garden','2025-01-22 09:22:01',NULL),(477,477,28.4146560,-81.5145650,'2025-05-25 23:43:10','2026-05-12 10:49:46','2026-05-12 10:49:46',0,115,'27474','2.0.1','10408 Pocket Ln, Orlando','2025-05-25 23:43:10',NULL),(478,478,28.3973450,-81.5437770,'2025-11-03 10:30:17','2026-05-12 10:49:46','2026-05-12 10:49:46',1,114,'27469','2.0.1','Kimball Trace, 9775 Lounsberry Cir','2025-11-03 10:30:17',NULL),(479,479,27.7940810,-82.6669240,'2024-09-25 07:01:07','2026-05-12 10:49:46','2026-05-12 10:49:46',1,91,'27480','2.0.1','2440 25th St N, St. Petersburg','2024-09-25 04:53:58',NULL),(480,480,27.7942240,-82.6668930,'2025-12-17 03:42:58','2026-05-12 10:49:46','2026-05-12 10:49:46',0,99,'27477','2.0.1','GSM: 73JJC7GF+QJ','2025-12-16 11:28:38',NULL),(481,481,27.7942430,-82.6667790,'2025-12-16 12:54:23','2026-05-12 10:49:46','2026-05-12 10:49:46',1,100,'27476','2.0.1','2480 25th St N, St. Petersburg','2025-12-16 12:54:23',NULL),(482,482,27.7939820,-82.6663820,'2024-09-19 07:37:48','2026-05-12 10:49:46','2026-05-12 10:49:46',1,102,'27482','2.0.1','2450 25th St N, St. Petersburg','2024-09-19 07:37:48',NULL),(483,483,27.7942260,-82.6670680,'2025-11-05 07:03:11','2026-05-12 10:49:46','2026-05-12 10:49:46',1,89,'27479','2.0.1','2480 25th St N, St. Petersburg','2025-11-05 07:03:11',NULL),(484,484,28.1532400,-81.6214070,'2026-02-11 07:49:04','2026-05-12 10:49:46','2026-05-12 10:49:46',1,110,'27478','2.0.1','216 Highland Meadows Dr, Davenport','2026-02-08 01:21:39',NULL),(485,485,28.2207150,-81.5440290,'2024-11-18 10:38:32','2026-05-12 10:49:46','2026-05-12 10:49:46',1,137,'27481','2.0.1','2585 Lancaster Ridge Dr, Davenport','2024-11-09 15:30:36',NULL),(486,486,27.7941950,-82.6669460,'2025-02-11 10:42:04','2026-05-12 10:49:46','2026-05-12 10:49:46',1,92,'27483','2.0.1','2480 25th St N, St. Petersburg','2025-02-11 10:42:04',NULL),(487,487,27.8796500,-82.8131940,'2026-04-29 16:14:00','2026-05-12 10:49:46','2026-05-12 10:49:46',0,94,'27488','2.0.1','12650 Walsingham Rd, Largo','2026-04-28 08:14:00',NULL),(488,488,27.7678130,-82.7628940,'2026-04-29 04:15:57','2026-05-12 10:49:46','2026-05-12 10:49:46',1,114,'27491','2.0.1','54 Dolphin Dr, Treasure Island','2026-04-23 21:37:08',NULL),(489,489,27.7943250,-82.6670000,'2025-08-13 13:07:59','2026-05-12 10:49:46','2026-05-12 10:49:46',1,112,'27490','2.0.1','2500 25th St N, St. Petersburg','2025-08-13 12:12:58',NULL),(490,490,27.7941680,-82.6667710,'2025-09-16 10:17:07','2026-05-12 10:49:46','2026-05-12 10:49:46',1,111,'27487','2.0.1','2480 25th St N, St. Petersburg','2025-09-16 10:03:34',NULL),(491,491,27.7941760,-82.6667710,'2025-10-14 10:06:24','2026-05-12 10:49:46','2026-05-12 10:49:46',1,89,'27486','2.0.1','2480 25th St N, St. Petersburg','2025-10-14 10:06:24',NULL),(492,492,27.7941420,-82.6668780,'2025-06-11 11:50:59','2026-05-12 10:49:46','2026-05-12 10:49:46',1,100,'27485','2.0.1','2440 25th St N, St. Petersburg','2024-03-20 08:10:37',NULL),(493,493,27.7472630,-82.7280580,'2025-10-28 00:32:50','2026-05-12 10:49:46','2026-05-12 10:49:46',1,116,'27489','2.0.1','1945 Dolphin Blvd S, St. Petersburg','2025-08-26 18:32:34',NULL),(494,494,27.7950310,-82.6655730,'2026-03-05 23:47:17','2026-05-12 10:49:46','2026-05-12 10:49:46',0,88,'27484','2.0.1','2450 25th St N, St. Petersburg','2026-03-05 07:49:49',NULL),(495,495,27.8530940,-82.8073580,'2025-12-15 07:47:10','2026-05-12 10:49:46','2026-05-12 10:49:46',1,97,'27493','2.0.1','GSM: 73JJC7GF+QJ','2025-11-24 12:15:48',NULL),(496,496,27.7942310,-82.6668930,'2025-09-23 10:58:50','2026-05-12 10:49:46','2026-05-12 10:49:46',1,91,'27496','2.0.1','2480 25th St N, St. Petersburg','2025-09-23 10:58:50',NULL),(497,497,27.7941250,-82.6668850,'2025-02-27 05:24:17','2026-05-12 10:49:46','2026-05-12 10:49:46',1,87,'27498','2.0.1','2360 25th St N, St. Petersburg','2024-10-25 07:48:31',NULL),(498,498,27.8799820,-82.8133620,'2026-02-15 22:13:29','2026-05-12 10:49:46','2026-05-12 10:49:46',0,86,'27499','2.0.1','12650 Walsingham Rd, Largo','2026-01-22 13:07:39',NULL),(499,499,27.7942160,-82.6668170,'2025-09-24 11:17:05','2026-05-12 10:49:46','2026-05-12 10:49:46',1,91,'27495','2.0.1','2480 25th St N, St. Petersburg','2025-09-24 11:17:05',NULL),(500,500,27.8785690,-82.8128050,'2025-06-24 13:49:31','2026-05-12 10:49:46','2026-05-12 10:49:46',0,116,'27492','2.0.1','12600 Walsingham Rd, Largo','2025-06-22 02:28:20',NULL),(501,501,27.7942030,-82.6668010,'2025-08-29 10:32:36','2026-05-12 10:49:46','2026-05-12 10:49:46',1,91,'27494','2.0.1','2480 25th St N, St. Petersburg','2025-08-29 10:32:36',NULL),(502,502,28.0205360,-82.6943360,'2025-11-13 02:49:35','2026-05-12 10:49:46','2026-05-12 10:49:46',1,92,'27497','2.0.1','2107 Swan Ln, Safety Harbor','2025-11-09 08:20:59',NULL),(503,503,27.7440700,-82.6960370,'2026-04-29 16:40:36','2026-05-12 10:49:46','2026-05-12 10:49:46',1,125,'27500','2.0.1','2618 Tifton St S, Gulfport','2026-02-16 14:40:38',NULL),(504,504,27.7942120,-82.6667860,'2025-10-28 20:47:36','2026-05-12 10:49:46','2026-05-12 10:49:46',0,90,'27501','2.0.1','2480 25th St N, St. Petersburg','2025-10-28 12:47:48',NULL),(505,505,27.8286170,-82.7781140,'2025-11-22 01:10:06','2026-05-12 10:49:46','2026-05-12 10:49:46',1,108,'27503','2.0.1','GSM: 1545 Lynda Ln, Dunedin','2024-10-10 15:35:00',NULL),(506,506,27.8781410,-82.7923810,'2026-03-11 18:23:28','2026-05-12 10:49:46','2026-05-12 10:49:46',1,98,'27505','2.0.1','11511 113th St North, Seminole','2026-03-11 18:23:28',NULL),(507,507,28.7033290,-81.2041630,'2026-04-26 05:57:02','2026-05-12 10:49:46','2026-05-12 10:49:46',0,92,'27504','2.0.1','2360 Black Hammock Rd, Oviedo','2026-04-25 13:58:34',NULL),(508,508,27.7941340,-82.6669620,'2025-10-28 10:17:49','2026-05-12 10:49:46','2026-05-12 10:49:46',1,98,'27502','2.0.1','2480 25th St N, St. Petersburg','2025-01-23 10:34:28',NULL),(509,509,28.0407910,-82.7311330,'2026-04-29 16:06:48','2026-05-12 10:49:46','2026-05-12 10:49:46',1,125,'27507','2.0.1','3275 Mulberry Dr, Clearwater','2026-04-28 15:37:02',NULL),(510,510,27.8868290,-82.7115480,'2025-03-18 03:17:07','2026-05-12 10:49:46','2026-05-12 10:49:46',0,73,'27506','2.0.1','5799 126th Ave N, Clearwater','2025-03-17 19:17:22',NULL),(511,511,27.7593330,-82.7560580,'2026-02-19 12:15:59','2026-05-12 10:49:46','2026-05-12 10:49:46',1,120,'27508','2.0.1','1180 81st St S, St. Petersburg','2025-11-06 07:57:27',NULL),(512,512,27.7941650,-82.6668620,'2025-07-08 03:56:09','2026-05-12 10:49:46','2026-05-12 10:49:46',1,91,'27513','2.0.1','2440 25th St N, St. Petersburg','2025-07-08 03:56:09',NULL),(513,513,27.7942920,-82.6670300,'2025-12-01 07:44:56','2026-05-12 10:49:46','2026-05-12 10:49:46',1,87,'27512','2.0.1','2500 25th St N, St. Petersburg','2025-12-01 07:44:56',NULL),(514,514,28.2192330,-82.6707530,'2025-10-10 00:40:58','2026-05-12 10:49:46','2026-05-12 10:49:46',0,89,'27514','2.0.1','4115 St Lawrence Dr, New Port Richey','2025-09-24 14:45:39',NULL),(515,515,27.7749310,-82.6840820,'2025-07-20 14:42:21','2026-05-12 10:49:46','2026-05-12 10:49:46',1,141,'27515','2.0.1','3725 3rd Ave N, St. Petersburg','2025-07-17 12:01:45',NULL),(516,516,27.8796710,-82.8132860,'2025-12-21 17:38:20','2026-05-12 10:49:46','2026-05-12 10:49:46',0,82,'27509','2.0.1','12650 Walsingham Rd, Largo','2025-11-26 09:27:24',NULL),(517,517,27.8759520,-82.8260350,'2025-12-10 08:27:28','2026-05-12 10:49:46','2026-05-12 10:49:46',1,107,'27510','2.0.1','11300 Malaga Dr, Largo','2025-10-29 15:46:26',NULL),(518,518,27.8969290,-82.8103180,'2026-04-29 12:28:33','2026-05-12 10:49:46','2026-05-12 10:49:46',1,135,'27511','2.0.1','2258 22nd Ave SW, Largo','2026-04-28 18:20:06',NULL),(519,519,27.7941630,-82.6670380,'2025-10-29 11:31:29','2026-05-12 10:49:46','2026-05-12 10:49:46',1,110,'27520','2.0.1','2480 25th St N, St. Petersburg','2025-10-29 09:18:44',NULL),(520,520,27.7941780,-82.6668400,'2025-12-02 13:36:30','2026-05-12 10:49:46','2026-05-12 10:49:46',1,91,'27522','2.0.1','2480 25th St N, St. Petersburg','2025-12-02 13:36:30',NULL),(521,521,27.8891980,-82.7814100,'2025-10-28 07:52:29','2026-05-12 10:49:46','2026-05-12 10:49:46',1,123,'27521','2.0.1','12767 102nd Cir N, Largo','2025-09-20 12:15:28',NULL),(522,522,27.8665710,-82.7807310,'2026-04-29 07:24:25','2026-05-12 10:49:46','2026-05-12 10:49:46',1,117,'27516','2.0.1','GSM: 2600 Gulf Blvd, Indian Rocks Beach','2026-02-20 02:42:58',NULL),(523,523,28.0047230,-82.6870960,'2026-04-29 14:29:58','2026-05-12 10:49:46','2026-05-12 10:49:46',1,128,'27518','2.0.1','165 Irwin St, Safety Harbor','2026-03-08 20:42:29',NULL),(524,524,27.8679390,-82.7773210,'2026-02-11 06:53:27','2026-05-12 10:49:46','2026-05-12 10:49:46',1,103,'27519','2.0.1','9986 Lake Seminole Dr E, Largo','2026-01-26 17:06:13',NULL),(525,525,27.9014340,-82.6719820,'2025-07-04 18:07:32','2026-05-12 10:49:46','2026-05-12 10:49:46',1,123,'27517','2.0.1','2730 Bullard Dr, Clearwater','2025-03-16 14:03:02',NULL),(526,526,27.8766460,-82.7680130,'2026-04-26 10:42:27','2026-05-12 10:49:46','2026-05-12 10:49:46',1,137,'27523','2.0.1','11444 93rd St N, Largo','2026-04-24 14:44:53',NULL),(527,527,27.7941510,-82.6669620,'2026-01-28 14:20:47','2026-05-12 10:49:46','2026-05-12 10:49:46',1,92,'27528','2.0.1','2480 25th St N, St. Petersburg','2025-09-04 10:35:13',NULL),(528,528,27.8784280,-82.7925490,'2025-11-12 06:27:40','2026-05-12 10:49:46','2026-05-12 10:49:46',1,73,'27531','2.0.1','11511 113th St, Seminole','2025-06-27 15:28:24',NULL),(529,529,27.8182980,-82.6019670,'2026-03-26 00:57:07','2026-05-12 10:49:46','2026-05-12 10:49:46',1,101,'27527','2.0.1','1867 Mississippi Ave NE, St. Petersburg','2026-03-07 16:51:54',NULL),(530,530,27.8158470,-82.5956570,'2026-04-09 10:47:02','2026-05-12 10:49:46','2026-05-12 10:49:46',1,127,'27524','2.0.1','GSM: VFG5+R5 Tampa, FL','2025-12-26 12:06:26',NULL),(531,531,27.7941380,-82.6668850,'2026-04-21 07:58:00','2026-05-12 10:49:46','2026-05-12 10:49:46',1,110,'27525','2.0.1','2500 25th Ave N, St. Petersburg','2026-04-21 04:25:06',NULL),(532,532,27.7941130,-82.6669080,'2026-01-26 08:37:11','2026-05-12 10:49:46','2026-05-12 10:49:46',1,90,'27526','2.0.1','2480 25th St N, St. Petersburg','2026-01-26 08:37:11',NULL),(533,533,27.7942050,-82.6667480,'2026-04-08 11:40:09','2026-05-12 10:49:46','2026-05-12 10:49:46',1,99,'27530','2.0.1','2500 25th Ave N, St. Petersburg','2026-04-08 11:40:09',NULL),(534,534,28.3261470,-82.6713260,'2024-09-20 04:24:30','2026-05-12 10:49:46','2026-05-12 10:49:46',1,116,'27529','2.0.1','8636 Honeycomb Dr, Port Richey','2024-08-01 22:27:00',NULL),(535,535,27.7940580,-82.6670840,'2025-09-04 08:25:14','2026-05-12 10:49:46','2026-05-12 10:49:46',1,108,'27534','2.0.1','2440 25th St N, St. Petersburg','2025-09-04 07:27:58',NULL),(536,536,27.8759250,-82.8029330,'2025-04-02 03:19:40','2026-05-12 10:49:46','2026-05-12 10:49:46',1,106,'27533','2.0.1','11338 Heritage Way, Largo','2025-03-18 15:31:25',NULL),(537,537,27.8998580,-82.6765980,'2026-01-23 12:04:29','2026-05-12 10:49:46','2026-05-12 10:49:46',1,105,'27532','2.0.1','14110 Spoonbill Ln, Clearwater','2026-01-23 12:04:29',NULL),(538,538,27.8784520,-82.8125760,'2026-04-29 12:30:14','2026-05-12 10:49:46','2026-05-12 10:49:46',0,102,'27535','2.0.1','10600 Reservoir Dr N, Largo','2026-04-29 12:30:14',NULL),(539,539,0.0000000,0.0000000,NULL,'2026-05-12 10:49:46','2026-05-12 10:49:46',1,0,'Jamestown','','',NULL,NULL),(540,540,0.0000000,0.0000000,NULL,'2026-05-12 10:49:46','2026-05-12 10:49:46',1,0,'Jamestown','','',NULL,NULL),(541,541,0.0000000,0.0000000,NULL,'2026-05-12 10:49:46','2026-05-12 10:49:46',1,0,'Ocala 8','','',NULL,NULL),(542,542,0.0000000,0.0000000,NULL,'2026-05-12 10:49:46','2026-05-12 10:49:46',1,0,'SEO','','',NULL,NULL),(543,543,0.0000000,0.0000000,NULL,'2026-05-12 10:49:46','2026-05-12 10:49:46',1,0,'Clearwater','','',NULL,NULL),(544,544,0.0000000,0.0000000,NULL,'2026-05-12 10:49:46','2026-05-12 10:49:46',1,0,'Clearwater','','',NULL,NULL),(545,545,0.0000000,0.0000000,NULL,'2026-05-12 10:49:46','2026-05-12 10:49:46',1,0,'Clearwater','','',NULL,NULL),(546,546,0.0000000,0.0000000,NULL,'2026-05-12 10:49:46','2026-05-12 10:49:46',1,0,'Clearwater','','',NULL,NULL),(547,547,27.7942090,-82.6668010,'2026-03-11 06:25:11','2026-05-12 10:49:46','2026-05-12 10:49:46',1,104,'27967','2.0.1','SIM: N/A use Coordinate','2026-02-05 07:14:31',NULL),(548,548,28.2192130,-82.6703870,'2026-01-09 16:17:28','2026-05-12 10:49:46','2026-05-12 10:49:46',0,92,'27968','2.0.1','4115 St Lawrence Dr, New Port Richey','2026-01-09 16:17:28',NULL),(549,549,28.8877960,-82.0293430,'2025-10-03 03:18:35','2026-05-12 10:49:46','2026-05-12 10:49:46',0,92,'27970','2.0.1','4518 Co Rd 128, Wildwood','2025-10-02 19:18:07',NULL),(550,550,30.1170020,-84.3847660,'2025-06-27 08:13:09','2026-05-12 10:49:46','2026-05-12 10:49:46',0,97,'27972','2.0.1','23 Millender Ln, Crawfordville','2025-06-25 08:13:58',NULL),(551,551,29.7775670,-85.2837750,'2024-10-16 22:05:28','2026-05-12 10:49:46','2026-05-12 10:49:46',0,70,'27973','2.0.1','3951 US-98, Port St Joe','2024-10-16 22:05:28',NULL),(552,552,29.7773970,-85.2837980,'2024-10-17 23:11:50','2026-05-12 10:49:46','2026-05-12 10:49:46',0,69,'27974','2.0.1','3951 US-98, Port St Joe','2024-10-17 23:11:50',NULL),(553,553,29.7971650,-85.2987900,'2025-07-15 13:49:09','2026-05-12 10:49:46','2026-05-12 10:49:46',0,125,'27971','2.0.1','110 Sunset Cir, Port St Joe','2025-07-15 13:49:09',NULL),(554,554,28.6270580,-81.2423860,'2026-03-05 16:48:20','2026-05-12 10:49:46','2026-05-12 10:49:46',0,90,'27969','2.0.1','2801 FL-426, Oviedo','2026-02-09 16:49:38',NULL),(555,555,27.7939800,-82.6661150,'2024-01-16 01:05:29','2026-05-12 10:49:46','2026-05-12 10:49:46',0,83,'27976','2.0.1','2450 25th St N, St. Petersburg','2024-01-15 09:05:16',NULL),(556,556,29.8297390,-85.3120420,'2026-04-07 14:17:00','2026-05-12 10:49:46','2026-05-12 10:49:46',0,104,'27975','2.0.1','US-98, Port St Joe','2026-04-07 14:17:00',NULL),(557,557,29.9577750,-85.4245760,'2025-11-30 21:15:08','2026-05-12 10:49:46','2026-05-12 10:49:46',0,74,'27977','2.0.1','155 Town Vlg Blvd, Port St Joe','2025-11-28 21:08:05',NULL),(558,558,29.6690120,-84.8483430,'2024-10-18 05:39:40','2026-05-12 10:49:46','2026-05-12 10:49:46',0,105,'27979','2.0.1','657 E Gulf Beach Dr, St George Island','2024-10-18 05:39:40',NULL),(559,559,28.4462360,-81.3482670,'2026-04-18 21:51:31','2026-05-12 10:49:46','2026-05-12 10:49:46',0,91,'27982','2.0.1','8407 Boggy Creek Rd, Orlando','2026-03-26 13:32:07',NULL),(560,560,29.6277520,-84.9338300,'2025-01-23 13:41:53','2026-05-12 10:49:46','2026-05-12 10:49:46',0,89,'27980','2.0.1','1860 Suzie Ct W, Eastpoint','2025-01-23 13:41:53',NULL),(561,561,29.1544360,-82.0753860,'2024-08-17 21:51:16','2026-05-12 10:49:46','2026-05-12 10:49:46',0,112,'27981','2.0.1','SIM: N/A use Coordinate','2024-08-17 05:34:57',NULL),(562,562,28.6345900,-81.8122410,'2026-03-20 11:14:39','2026-05-12 10:49:46','2026-05-12 10:49:46',0,98,'27985','2.0.1','SIM: N/A use Coordinate','2026-03-19 10:56:29',NULL),(563,563,29.0555100,-82.4498060,'2025-09-03 02:43:48','2026-05-12 10:49:46','2026-05-12 10:49:46',1,120,'27983','2.0.1','11581 Camp Dr, Dunnellon','2025-09-02 20:37:41',NULL),(564,564,28.8453410,-82.3662030,'2026-04-29 17:45:04','2026-05-12 10:49:46','2026-05-12 10:49:46',0,99,'27986','2.0.1','555 Forest Dr, Inverness','2026-04-28 01:40:11',NULL),(565,565,28.2414280,-82.2340700,'2026-04-29 12:09:36','2026-05-12 10:49:46','2026-05-12 10:49:46',1,142,'27984','2.0.1','5750 Elaine Dr, Zephyrhills','2026-04-11 10:07:39',NULL),(566,566,29.1622660,-82.0683520,'2026-04-29 14:42:45','2026-05-12 10:49:46','2026-05-12 10:49:46',1,134,'27988','2.0.1','4763 SE 25th St, Ocala','2025-09-29 15:19:12',NULL),(567,567,27.7941820,-82.6668470,'2025-12-16 12:12:37','2026-05-12 10:49:46','2026-05-12 10:49:46',0,110,'27987','2.0.1','2480 25th St N, St. Petersburg','2025-12-16 12:12:37',NULL),(568,568,28.4463620,-81.3483810,'2026-03-08 06:43:08','2026-05-12 10:49:46','2026-05-12 10:49:46',0,96,'27989','2.0.1','8407 Boggy Creek Rd, Orlando','2026-03-04 17:28:21',NULL),(569,569,27.7941190,-82.6669160,'2025-06-12 04:15:50','2026-05-12 10:49:46','2026-05-12 10:49:46',1,84,'27990','2.0.1','2440 25th St N, St. Petersburg','2025-06-12 04:15:50',NULL),(570,570,28.3940430,-81.5345690,'2025-06-29 00:21:28','2026-05-12 10:49:46','2026-05-12 10:49:46',0,91,'27993','2.0.1','3250 Bonnet Creek Rd, Lake Buena Vista','2025-06-04 16:44:30',NULL),(571,571,28.5764640,-81.5633930,'2025-10-09 06:25:58','2026-05-12 10:49:46','2026-05-12 10:49:46',0,94,'27994','2.0.1','531 Susan B Britt Ct, Winter Garden','2025-09-25 14:40:30',NULL),(572,572,28.3939110,-81.5344090,'2026-01-28 10:24:20','2026-05-12 10:49:46','2026-05-12 10:49:46',1,90,'27991','2.0.1','SIM: N/A use Coordinate','2026-01-28 10:24:20',NULL),(573,573,27.7941930,-82.6667940,'2026-03-02 12:27:48','2026-05-12 10:49:46','2026-05-12 10:49:46',1,89,'27992','2.0.1','2480 25th St N, St. Petersburg','2026-03-02 12:27:48',NULL),(574,574,27.8848040,-81.5653150,'2025-08-09 01:07:51','2026-05-12 10:49:46','2026-05-12 10:49:46',0,112,'27995','2.0.1','1156 Roberta Rd, Lake Wales','2025-08-09 01:07:51',NULL),(575,575,27.3122060,-81.3409730,'2024-10-11 13:18:39','2026-05-12 10:49:46','2026-05-12 10:49:46',0,89,'27997','2.0.1','SIM: N/A use Coordinate','2024-10-02 05:26:11',NULL),(576,576,27.7950880,-82.6657180,'2025-02-12 21:06:57','2026-05-12 10:49:46','2026-05-12 10:49:46',0,90,'27996','2.0.1','2450 25th St N, St. Petersburg','2025-02-11 13:02:37',NULL),(577,577,27.9233420,-81.5918500,'2026-04-29 16:58:22','2026-05-12 10:49:46','2026-05-12 10:49:46',0,112,'27998','2.0.1','2051 Old Scenic Hwy, Lake Wales','2026-04-29 16:58:22',NULL),(578,578,27.9232350,-81.5921480,'2025-04-08 18:35:35','2026-05-12 10:49:46','2026-05-12 10:49:46',0,84,'28000','2.0.1','2051 Old Scenic Hwy, Lake Wales','2025-03-14 19:10:36',NULL),(579,579,27.9233170,-81.5920790,'2025-09-16 03:12:30','2026-05-12 10:49:46','2026-05-12 10:49:46',0,89,'27999','2.0.1','2051 Old Scenic Hwy, Lake Wales','2025-08-28 18:57:00',NULL),(580,580,28.7032870,-81.2042160,'2023-12-01 20:47:56','2026-05-12 10:49:46','2026-05-12 10:49:46',0,92,'','2.0.1','2360 Black Hammock Rd, Oviedo','2023-11-27 12:51:26',NULL),(581,581,28.7032430,-81.2041320,'2023-12-02 23:28:58','2026-05-12 10:49:46','2026-05-12 10:49:46',0,102,'','2.0.1','2360 Black Hammock Rd, Oviedo','2023-11-27 15:18:30',NULL),(582,582,29.7776110,-85.2834170,'2024-10-17 03:15:06','2026-05-12 10:49:46','2026-05-12 10:49:46',0,58,'27978','2.0.1','3800 Garrison Ave, Port St Joe','2024-10-17 03:15:06',NULL),(583,583,27.7942940,-82.6668010,'2026-01-12 11:38:28','2026-05-12 10:49:46','2026-05-12 10:49:46',1,85,'28567','2.0.1','2500 25th St N, St. Petersburg','2026-01-12 11:38:28',NULL),(584,584,28.0110400,-82.7610550,'2025-04-30 09:20:27','2026-05-12 10:49:46','2026-05-12 10:49:46',1,92,'28569','2.0.1','736 Litchfield Ln, Dunedin','2025-04-30 09:20:27',NULL),(585,585,27.7940480,-82.6667940,'2025-12-01 07:36:18','2026-05-12 10:49:46','2026-05-12 10:49:46',1,91,'28570','2.0.1','2480 25th St N, St. Petersburg','2025-12-01 07:33:33',NULL),(586,586,27.7940120,-82.6664280,'2025-01-27 07:05:47','2026-05-12 10:49:46','2026-05-12 10:49:46',1,71,'28568','2.0.1','2360 25th St N, St. Petersburg','2025-01-27 07:05:47',NULL),(587,587,27.8003600,-82.6107250,'2025-07-08 03:09:25','2026-05-12 10:49:46','2026-05-12 10:49:46',0,96,'28572','2.0.1','1326 Snell Isle Blvd NE, St. Petersburg','2025-06-12 05:34:59',NULL),(588,588,27.8797860,-82.8131180,'2026-04-19 19:15:58','2026-05-12 10:49:46','2026-05-12 10:49:46',0,88,'28573','2.0.1','12650 Walsingham Rd, Largo','2026-03-25 18:53:59',NULL),(589,589,27.7939620,-82.6670300,'2026-04-29 12:34:39','2026-05-12 10:49:46','2026-05-12 10:49:46',0,113,'28571','2.0.1','2420 25th St N, St. Petersburg','2026-04-29 12:34:39',NULL),(590,590,27.7943020,-82.6668850,'2026-01-12 11:31:09','2026-05-12 10:49:46','2026-05-12 10:49:46',0,92,'28574','2.0.1','2500 25th St N, St. Petersburg','2026-01-12 11:25:19',NULL),(591,591,27.9434050,-82.7263340,'2026-04-29 16:59:33','2026-05-12 10:49:46','2026-05-12 10:49:46',1,117,'28575','2.0.1','112 1st St, Clearwater','2026-04-21 16:04:21',NULL),(592,592,27.9777300,-82.7482910,'2025-10-03 07:09:17','2026-05-12 10:49:46','2026-05-12 10:49:46',0,100,'28577','2.0.1','2131 Range Rd, Clearwater','2025-09-22 13:07:15',NULL),(593,593,27.7937130,-82.6659770,'2025-01-27 13:15:35','2026-05-12 10:49:46','2026-05-12 10:49:46',1,94,'28576','2.0.1','2380 24th Ave N, St. Petersburg','2025-01-27 13:15:35',NULL),(594,594,27.7940430,-82.6668620,'2025-10-29 21:13:06','2026-05-12 10:49:46','2026-05-12 10:49:46',0,92,'28578','2.0.1','2480 25th St N, St. Petersburg','2025-10-29 13:13:30',NULL),(595,595,27.7941070,-82.6669160,'2025-11-20 04:56:59','2026-05-12 10:49:46','2026-05-12 10:49:46',0,84,'28580','2.0.1','2480 25th St N, St. Petersburg','2025-11-19 12:57:50',NULL),(596,596,27.9772800,-82.7481310,'2025-10-09 05:09:49','2026-05-12 10:49:46','2026-05-12 10:49:46',0,92,'28579','2.0.1','2131 Range Rd, Clearwater','2025-09-30 13:13:01',NULL),(597,597,27.8338890,-82.7244030,'2026-04-29 16:13:27','2026-05-12 10:49:46','2026-05-12 10:49:46',1,121,'28581','2.0.1','6409 68th Ave N, Pinellas Park','2026-04-06 07:30:17',NULL),(598,598,28.0474740,-82.7637560,'2026-01-05 19:55:08','2026-05-12 10:49:46','2026-05-12 10:49:46',1,98,'28582','2.0.1','1312 Winding Creek Rd, Dunedin','2026-01-02 13:25:46',NULL),(599,599,27.9160500,-82.7739110,'2026-04-03 14:28:08','2026-05-12 10:49:46','2026-05-12 10:49:46',0,108,'28585','2.0.1','1205 E Bay Dr, Largo','2026-03-28 15:07:56',NULL),(600,600,28.0087740,-82.7725910,'2026-04-29 17:09:08','2026-05-12 10:49:46','2026-05-12 10:49:46',1,118,'28586','2.0.1','974 Knollwood Dr, Dunedin','2026-04-27 10:56:00',NULL),(601,601,27.9779530,-82.7481080,'2026-04-29 10:25:13','2026-05-12 10:49:46','2026-05-12 10:49:46',0,104,'28584','2.0.1','2121 Range Rd, Clearwater','2026-04-20 10:21:58',NULL),(602,602,27.9779170,-82.7480390,'2025-07-04 21:14:27','2026-05-12 10:49:46','2026-05-12 10:49:46',0,92,'28583','2.0.1','2121 Range Rd, Clearwater','2025-06-06 13:22:02',NULL),(603,603,27.7941440,-82.6669160,'2025-10-21 19:21:29','2026-05-12 10:49:46','2026-05-12 10:49:46',0,91,'28587','2.0.1','2480 25th St N, St. Petersburg','2025-10-21 11:21:29',NULL),(604,604,27.8786390,-82.8137280,'2025-10-21 13:43:17','2026-05-12 10:49:46','2026-05-12 10:49:46',0,108,'28589','2.0.1','SIM: N/A use Coordinate','2025-10-21 13:43:17',NULL),(605,605,27.9538560,-82.7592700,'2026-02-21 10:36:09','2026-05-12 10:49:46','2026-05-12 10:49:46',1,120,'28588','2.0.1','SIM: N/A use Coordinate','2026-02-17 19:34:09',NULL),(606,606,27.7940980,-82.6670230,'2026-01-12 06:01:52','2026-05-12 10:49:46','2026-05-12 10:49:46',1,84,'28590','2.0.1','2480 25th St N, St. Petersburg','2026-01-12 06:01:52',NULL),(607,607,27.9780350,-82.7480240,'2025-10-03 18:42:08','2026-05-12 10:49:46','2026-05-12 10:49:46',0,97,'28592','2.0.1','2121 Range Rd, Clearwater','2025-09-05 18:21:35',NULL),(608,608,27.7941000,-82.6668550,'2026-01-22 12:30:55','2026-05-12 10:49:46','2026-05-12 10:49:46',1,87,'28594','2.0.1','2480 25th St N, St. Petersburg','2026-01-22 12:30:55',NULL),(609,609,27.9780600,-82.7480770,'2025-06-09 10:29:47','2026-05-12 10:49:46','2026-05-12 10:49:46',0,101,'28593','2.0.1','2121 Range Rd, Clearwater','2025-05-17 18:28:06',NULL),(610,610,27.9779380,-82.7480930,'2025-12-07 11:48:02','2026-05-12 10:49:46','2026-05-12 10:49:46',0,89,'28591','2.0.1','2121 Range Rd, Clearwater','2025-11-18 05:18:57',NULL),(611,611,27.7942030,-82.6669690,'2025-11-19 05:52:40','2026-05-12 10:49:46','2026-05-12 10:49:46',1,89,'28595','2.0.1','2480 25th St N, St. Petersburg','2025-11-19 05:52:40',NULL),(612,612,27.4850560,-81.4138640,'2025-06-22 11:31:00','2026-05-12 10:49:46','2026-05-12 10:49:46',0,125,'28597','2.0.1','5020 Kenilworth Blvd, Sebring','2025-06-22 02:47:25',NULL),(613,613,27.9795360,-82.7157900,'2026-01-17 04:55:34','2026-05-12 10:49:46','2026-05-12 10:49:46',1,82,'28596','2.0.1','1423 Arrowhead Cir, Clearwater','2025-07-09 15:51:20',NULL),(614,614,27.4854600,-81.4133610,'2026-04-29 13:07:06','2026-05-12 10:49:46','2026-05-12 10:49:46',0,105,'28598','2.0.1','Google: N/A use Coordinate','2026-04-23 21:05:30',NULL),(615,615,27.3991360,-81.4805830,'2025-12-06 02:05:56','2026-05-12 10:49:46','2026-05-12 10:49:46',0,91,'28599','2.0.1','9600 Payne Rd, Sebring','2025-11-27 01:32:37',NULL),(616,616,27.3238810,-81.4004750,'2026-04-29 12:04:58','2026-05-12 10:49:46','2026-05-12 10:49:46',1,131,'28600','2.0.1','758 Lake June Rd, Lake Placid','2026-04-25 17:38:39',NULL),(617,617,27.4798790,-81.4195400,'2025-09-01 11:33:30','2026-05-12 10:49:46','2026-05-12 10:49:46',1,104,'28602','2.0.1','4701 Minerva St, Sebring','2025-09-01 11:33:30',NULL),(618,618,27.9232830,-81.5919720,'2026-01-17 02:28:48','2026-05-12 10:49:46','2026-05-12 10:49:46',0,79,'28603','2.0.1','SIM: N/A use Coordinate','2026-01-12 18:03:40',NULL),(619,619,27.9232790,-81.5919190,'2025-09-27 18:54:59','2026-05-12 10:49:46','2026-05-12 10:49:46',0,101,'28606','2.0.1','2051 Old Scenic Hwy, Lake Wales','2025-08-31 19:43:11',NULL),(620,620,27.9234490,-81.5919110,'2025-09-13 18:37:35','2026-05-12 10:49:46','2026-05-12 10:49:46',0,104,'28605','2.0.1','2051 Old Scenic Hwy, Lake Wales','2025-08-27 18:37:59',NULL),(621,621,27.7939800,-82.6662140,'2025-01-29 07:57:01','2026-05-12 10:49:46','2026-05-12 10:49:46',1,75,'28604','2.0.1','2450 25th St N, St. Petersburg','2025-01-29 07:57:01',NULL),(622,622,27.7939550,-82.6661680,'2025-01-29 03:01:40','2026-05-12 10:49:46','2026-05-12 10:49:46',0,74,'28607','2.0.1','2360 25th St N, St. Petersburg','2025-01-28 10:59:11',NULL),(623,623,28.1418090,-81.6287690,'2025-12-10 22:41:08','2026-05-12 10:49:46','2026-05-12 10:49:46',0,69,'28609','2.0.1','555 Patterson Rd, Haines City','2025-11-28 22:37:27',NULL),(624,624,27.9233840,-81.5919110,'2026-02-22 04:39:14','2026-05-12 10:49:46','2026-05-12 10:49:46',0,81,'28608','2.0.1','2051 Old Scenic Hwy, Lake Wales','2026-01-27 13:25:47',NULL),(625,625,27.9233210,-81.5919490,'2025-03-13 15:24:06','2026-05-12 10:49:46','2026-05-12 10:49:46',0,99,'28610','2.0.1','2051 Old Scenic Hwy, Lake Wales','2025-03-11 15:25:22',NULL),(626,626,27.5434880,-81.4518280,'2026-04-29 15:26:40','2026-05-12 10:49:46','2026-05-12 10:49:46',1,139,'28601','2.0.1','2159 S Lake Letta Dr, Avon Park','2025-08-30 08:47:32',NULL),(627,627,27.9233090,-81.5919420,'2025-06-05 01:47:34','2026-05-12 10:49:46','2026-05-12 10:49:46',0,88,'28612','2.0.1','2051 Old Scenic Hwy, Lake Wales','2025-06-02 17:39:06',NULL),(628,628,28.1492600,-81.6240080,'2025-08-15 21:34:38','2026-05-12 10:49:46','2026-05-12 10:49:46',1,106,'28611','2.0.1','120 Tanager St, Haines City','2025-08-15 21:23:27',NULL),(629,629,27.9233260,-81.5919950,'2025-06-07 14:14:35','2026-05-12 10:49:46','2026-05-12 10:49:46',0,115,'28613','2.0.1','2051 Old Scenic Hwy, Lake Wales','2025-06-04 22:16:33',NULL),(630,630,27.9232640,-81.5919950,'2026-01-17 08:11:29','2026-05-12 10:49:46','2026-05-12 10:49:46',0,84,'28614','2.0.1','2051 Old Scenic Hwy, Lake Wales','2026-01-06 07:55:01',NULL),(631,631,28.7305790,-81.5178530,'2025-09-12 22:48:09','2026-05-12 10:49:46','2026-05-12 10:49:46',0,91,'28615','2.0.1','275 W Ponkan Rd, Apopka','2025-08-17 14:43:06',NULL),(632,632,28.6865020,-81.4473110,'2026-04-29 07:39:18','2026-05-12 10:49:46','2026-05-12 10:49:46',1,105,'28616','2.0.1','258 Cambridge Dr, Longwood','2026-04-26 00:11:29',NULL),(633,633,27.7941230,-82.6662370,'2026-02-19 11:47:00','2026-05-12 10:49:46','2026-05-12 10:49:46',0,109,'28618','2.0.1','2450 25th St N, St. Petersburg','2026-02-19 11:47:00',NULL),(634,634,28.7365230,-81.6244890,'2025-12-22 15:02:39','2026-05-12 10:49:46','2026-05-12 10:49:46',0,112,'28617','2.0.1','6908 Holly Creek Rd, Zellwood','2025-12-22 15:02:39',NULL),(635,635,28.7518580,-81.5280300,'2026-04-18 08:10:49','2026-05-12 10:49:46','2026-05-12 10:49:46',0,130,'28619','2.0.1','SIM: N/A use Coordinate','2026-04-07 08:56:55',NULL),(636,636,28.8287790,-81.7004390,'2026-04-01 07:09:14','2026-05-12 10:49:46','2026-05-12 10:49:46',0,101,'28620','2.0.1','SIM: N/A use Coordinate','2026-03-20 22:56:29',NULL),(637,637,28.8733080,-81.7519150,'2026-04-29 15:15:30','2026-05-12 10:49:46','2026-05-12 10:49:46',1,123,'28621','2.0.1','12327 N Putney Ct, Leesburg','2026-03-18 22:33:28',NULL),(638,638,28.7302570,-81.5176930,'2026-04-29 14:55:28','2026-05-12 10:49:46','2026-05-12 10:49:46',0,102,'28623','2.0.1','275 W Ponkan Rd, Apopka','2026-04-27 15:07:59',NULL),(639,639,28.8719370,-81.6932140,'2026-03-10 16:09:27','2026-05-12 10:49:46','2026-05-12 10:49:46',1,101,'28624','2.0.1','131 Frosti Wy, Eustis','2026-03-10 16:09:27',NULL),(640,640,28.5043110,-82.4124070,'2026-02-13 11:43:03','2026-05-12 10:49:46','2026-05-12 10:49:46',0,113,'28625','2.0.1','SIM: N/A use Coordinate','2026-02-03 11:33:18',NULL),(641,641,28.5546650,-82.3960040,'2026-01-17 01:42:08','2026-05-12 10:49:46','2026-05-12 10:49:46',0,65,'28626','2.0.1','626 S Broad St, Brooksville','2026-01-14 17:42:48',NULL),(642,642,28.6810040,-81.5398480,'2025-12-03 09:11:24','2026-05-12 10:49:46','2026-05-12 10:49:46',0,119,'28622','2.0.1','150 Lake Shepard Dr, Apopka','2025-12-03 09:11:24',NULL),(643,643,27.7940560,-82.6661150,'2025-07-15 13:56:17','2026-05-12 10:49:46','2026-05-12 10:49:46',0,104,'28763','2.0.1','2450 25th St N, St. Petersburg','2025-06-23 08:06:04',NULL),(644,644,27.7772960,-82.6961140,'2026-04-29 12:05:47','2026-05-12 10:49:46','2026-05-12 10:49:46',0,110,'28762','2.0.1','4601 5th Ave N, St. Petersburg','2026-04-29 12:05:47',NULL),(645,645,27.7960780,-82.6665420,'2025-11-06 12:05:43','2026-05-12 10:49:46','2026-05-12 10:49:46',0,95,'28764','2.0.1','2657 25th St N, St. Petersburg','2025-10-26 12:57:09',NULL),(646,646,27.7940770,-82.6667630,'2025-10-28 06:52:01','2026-05-12 10:49:46','2026-05-12 10:49:46',0,117,'28765','2.0.1','2480 25th St N, St. Petersburg','2025-10-28 06:52:01',NULL),(647,647,27.8528190,-82.7489850,'2025-12-02 19:49:51','2026-05-12 10:49:46','2026-05-12 10:49:46',0,97,'28766','2.0.1','SIM: N/A use Coordinate','2025-11-25 11:22:23',NULL),(648,648,27.7960870,-82.6661990,'2026-04-16 18:55:01','2026-05-12 10:49:47','2026-05-12 10:49:47',0,96,'28767','2.0.1','2600 24th St N, St. Petersburg','2026-04-16 10:52:19',NULL),(649,649,27.7508740,-82.7540210,'2025-08-13 02:10:56','2026-05-12 10:49:47','2026-05-12 10:49:47',1,120,'28768','2.0.1','8625 Boca Ciega Dr, St Pete Beach','2025-07-30 15:28:38',NULL),(650,650,27.8584520,-82.8388060,'2026-04-28 23:46:47','2026-05-12 10:49:47','2026-05-12 10:49:47',1,112,'28769','2.0.1','14507 Catalina Cir, Seminole','2026-04-28 01:09:37',NULL),(651,651,27.7067790,-82.7261730,'2025-07-23 16:49:23','2026-05-12 10:49:47','2026-05-12 10:49:47',0,96,'28771','2.0.1','3081 E Vina Del Mar Blvd, St Pete Beach','2025-06-26 18:01:37',NULL),(652,652,27.7950970,-82.6669690,'2025-09-22 19:29:37','2026-05-12 10:49:47','2026-05-12 10:49:47',0,102,'28773','2.0.1','2501 25th Ave N, St. Petersburg','2025-08-27 19:06:42',NULL),(653,653,27.7940850,-82.6661220,'2025-02-13 11:31:13','2026-05-12 10:49:47','2026-05-12 10:49:47',0,123,'28770','2.0.1','2450 25th St N, St. Petersburg','2025-02-13 11:31:13',NULL),(654,654,27.7941460,-82.6670530,'2025-10-28 05:04:39','2026-05-12 10:49:47','2026-05-12 10:49:47',0,98,'28772','2.0.1','2480 25th St N, St. Petersburg','2025-10-28 05:04:39',NULL),(655,655,27.7939260,-82.6661070,'2025-02-13 13:43:39','2026-05-12 10:49:47','2026-05-12 10:49:47',0,115,'28776','2.0.1','2450 25th St N, St. Petersburg','2025-02-13 13:43:39',NULL),(656,656,27.8716850,-82.6406250,'2025-11-13 17:56:57','2026-05-12 10:49:47','2026-05-12 10:49:47',1,102,'28777','2.0.1','500 110th Ave N #601, St. Petersburg','2025-10-28 10:03:48',NULL),(657,657,27.7964990,-82.6656420,'2025-10-22 19:08:59','2026-05-12 10:49:47','2026-05-12 10:49:47',0,92,'28775','2.0.1','2600 24th St N, St. Petersburg','2025-09-24 07:55:04',NULL),(658,658,27.7956280,-82.6662450,'2026-01-26 16:08:36','2026-05-12 10:49:47','2026-05-12 10:49:47',0,74,'28774','2.0.1','2501 25th Ave N, St. Petersburg','2026-01-25 09:58:31',NULL),(659,659,27.7956700,-82.6662450,'2026-01-17 07:46:32','2026-05-12 10:49:47','2026-05-12 10:49:47',0,79,'28780','2.0.1','2501 25th Ave N, St. Petersburg','2026-01-13 15:53:44',NULL),(660,660,27.7272740,-82.6861880,'2025-12-13 10:25:28','2026-05-12 10:49:47','2026-05-12 10:49:47',1,123,'28781','2.0.1','4532 39th St S, St. Petersburg','2025-12-09 15:58:54',NULL),(661,661,27.7940350,-82.6661760,'2025-02-13 14:05:52','2026-05-12 10:49:47','2026-05-12 10:49:47',0,125,'28778','2.0.1','2450 25th St N, St. Petersburg','2025-02-13 14:05:52',NULL),(662,662,27.8870680,-82.7113110,'2026-01-17 04:03:34','2026-05-12 10:49:47','2026-05-12 10:49:47',0,78,'28779','2.0.1','SIM: N/A use Coordinate','2026-01-15 03:56:38',NULL),(663,663,27.7959980,-82.6660920,'2026-04-28 16:13:02','2026-05-12 10:49:47','2026-05-12 10:49:47',0,103,'28785','2.0.1','2600 24th St N, St. Petersburg','2026-04-07 16:58:07',NULL),(664,664,27.7993130,-82.6112820,'2026-04-29 15:09:17','2026-05-12 10:49:47','2026-05-12 10:49:47',1,134,'28782','2.0.1','1000 Rafael Blvd NE, St. Petersburg','2026-01-24 13:03:25',NULL),(665,665,27.8796390,-82.8130870,'2026-01-24 22:27:12','2026-05-12 10:49:47','2026-05-12 10:49:47',0,92,'28783','2.0.1','12650 Walsingham Rd, Largo','2025-12-15 10:56:20',NULL),(666,666,27.8790550,-82.8122560,'2025-05-21 20:12:39','2026-05-12 10:49:47','2026-05-12 10:49:47',0,98,'28784','2.0.1','11008 Reservoir Dr N, Largo','2025-05-20 20:14:36',NULL),(667,667,27.8794610,-82.8132930,'2026-01-11 05:50:24','2026-05-12 10:49:47','2026-05-12 10:49:47',0,82,'28787','2.0.1','12690 Walsingham Rd, Largo','2025-12-16 13:33:28',NULL),(668,668,27.8793770,-82.8134540,'2025-10-09 22:50:49','2026-05-12 10:49:47','2026-05-12 10:49:47',0,92,'28788','2.0.1','12690 Walsingham Rd, Largo','2025-10-02 19:28:42',NULL),(669,669,27.7957440,-82.6659850,'2026-04-29 13:12:37','2026-05-12 10:49:47','2026-05-12 10:49:47',0,113,'28786','2.0.1','2450 24th St N, St. Petersburg','2026-04-16 13:28:26',NULL),(670,670,27.7942500,-82.6669690,'2025-09-17 05:45:05','2026-05-12 10:49:47','2026-05-12 10:49:47',1,89,'28789','2.0.1','2480 25th St N, St. Petersburg','2025-09-17 05:45:05',NULL),(671,671,27.8620530,-82.7932590,'2026-04-29 15:58:29','2026-05-12 10:49:47','2026-05-12 10:49:47',1,125,'28791','2.0.1','11200 102nd Ave N, Seminole','2026-04-27 09:43:42',NULL),(672,672,27.7711910,-82.7339100,'2026-03-28 02:38:02','2026-05-12 10:49:47','2026-05-12 10:49:47',0,81,'28790','2.0.1','6897 Central Ave, St. Petersburg','2026-02-25 17:08:09',NULL),(673,673,27.7937870,-82.6669620,'2026-01-28 11:46:50','2026-05-12 10:49:47','2026-05-12 10:49:47',1,84,'28793','2.0.1','2400 25th St N, St. Petersburg','2026-01-28 10:51:52',NULL),(674,674,27.8795300,-82.8129650,'2026-04-29 14:55:59','2026-05-12 10:49:47','2026-05-12 10:49:47',0,95,'28792','2.0.1','12600 Walsingham Rd, Largo','2026-04-13 15:45:29',NULL),(675,675,27.8801120,-82.8126530,'2026-01-22 01:11:21','2026-05-12 10:49:47','2026-05-12 10:49:47',0,75,'28794','2.0.1','12537 Walsingham Rd, Largo','2026-01-22 01:11:21',NULL),(676,676,27.7461050,-82.7597050,'2026-04-29 16:43:00','2026-05-12 10:49:47','2026-05-12 10:49:47',1,118,'28796','2.0.1','45 83rd Ave, Treasure Island','2026-03-24 12:23:37',NULL),(677,677,27.8256840,-82.7405240,'2026-04-29 14:05:22','2026-05-12 10:49:47','2026-05-12 10:49:47',1,125,'28797','2.0.1','5952 73rd St N, St. Petersburg','2026-04-22 13:11:22',NULL),(678,678,27.8796670,-82.8132710,'2025-12-27 10:07:05','2026-05-12 10:49:47','2026-05-12 10:49:47',0,87,'28795','2.0.1','12650 Walsingham Rd, Largo','2025-12-02 09:30:38',NULL),(679,679,27.7943080,-82.6669920,'2026-04-09 06:58:52','2026-05-12 10:49:47','2026-05-12 10:49:47',0,101,'28799','2.0.1','2500 25th St N, St. Petersburg','2026-04-09 06:58:52',NULL),(680,680,27.7940330,-82.6661070,'2025-02-14 12:40:41','2026-05-12 10:49:47','2026-05-12 10:49:47',0,114,'28798','2.0.1','2450 25th St N, St. Petersburg','2025-02-14 12:40:41',NULL),(681,681,27.8791920,-82.8133010,'2026-01-13 14:59:38','2026-05-12 10:49:47','2026-05-12 10:49:47',0,79,'28800','2.0.1','12690 Walsingham Rd, Largo','2026-01-04 22:52:49',NULL),(682,682,27.8794800,-82.8130650,'2026-01-26 12:21:01','2026-05-12 10:49:47','2026-05-12 10:49:47',0,80,'28801','2.0.1','12600 Walsingham Rd, Largo','2025-12-08 12:45:10',NULL),(683,683,27.8791830,-82.8129580,'2025-12-26 09:27:50','2026-05-12 10:49:47','2026-05-12 10:49:47',0,89,'28804','2.0.1','12600 Walsingham Rd, Largo','2025-12-03 09:20:46',NULL),(684,684,27.7941280,-82.6668700,'2025-09-25 06:52:17','2026-05-12 10:49:47','2026-05-12 10:49:47',0,92,'28802','2.0.1','2480 25th St N, St. Petersburg','2025-09-24 06:58:32',NULL),(685,685,28.0238720,-82.6982730,'2026-04-27 21:42:19','2026-05-12 10:49:47','2026-05-12 10:49:47',1,117,'28805','2.0.1','26 Valencia Cir, Safety Harbor','2026-03-25 09:16:48',NULL),(686,686,27.8328510,-82.8030550,'2026-04-28 01:09:30','2026-05-12 10:49:47','2026-05-12 10:49:47',1,94,'28803','2.0.1','11892 67th Ave N, Seminole','2026-04-21 19:17:23',NULL),(687,687,27.7939870,-82.6666340,'2025-10-16 12:43:10','2026-05-12 10:49:47','2026-05-12 10:49:47',0,106,'28808','2.0.1','2500 25th Ave N, St. Petersburg','2025-10-16 12:43:10',NULL),(688,688,27.8783800,-82.7924580,'2026-04-29 13:29:53','2026-05-12 10:49:47','2026-05-12 10:49:47',1,130,'28809','2.0.1','11511 113th St N, Seminole','2026-03-11 20:12:19',NULL),(689,689,27.7959270,-82.6660610,'2026-03-28 23:35:01','2026-05-12 10:49:47','2026-05-12 10:49:47',0,89,'28807','2.0.1','2450 24th St N, St. Petersburg','2026-02-23 17:13:11',NULL),(690,690,27.8791120,-82.8125310,'2026-03-06 04:34:03','2026-05-12 10:49:47','2026-05-12 10:49:47',0,86,'28806','2.0.1','12600 Walsingham Rd, Largo','2026-03-05 20:35:29',NULL),(691,691,28.0548130,-82.7762300,'2026-04-29 12:38:06','2026-05-12 10:49:47','2026-05-12 10:49:47',1,133,'28810','2.0.1','225 East Ave, Palm Harbor','2026-03-07 12:35:07',NULL),(692,692,27.8866960,-82.6842880,'2026-02-24 10:54:36','2026-05-12 10:49:47','2026-05-12 10:49:47',0,71,'28811','2.0.1','3701 126th Ave N, Clearwater','2026-01-29 20:10:39',NULL),(693,693,27.8866770,-82.6842270,'2026-02-08 06:57:35','2026-05-12 10:49:47','2026-05-12 10:49:47',0,77,'28822','2.0.1','SIM: N/A use Coordinate','2026-01-30 06:26:30',NULL),(694,694,27.7680440,-82.7142560,'2025-09-08 23:52:42','2026-05-12 10:49:47','2026-05-12 10:49:47',0,90,'28823','2.0.1','301 59th St S, St. Petersburg','2025-09-08 12:50:55',NULL),(695,695,27.7955150,-82.6661000,'2026-03-16 20:54:49','2026-05-12 10:49:47','2026-05-12 10:49:47',0,81,'28826','2.0.1','2450 25th St N, St. Petersburg','2026-01-26 16:54:51',NULL),(696,696,27.7940200,-82.6660230,'2025-03-07 05:37:41','2026-05-12 10:49:47','2026-05-12 10:49:47',0,80,'28825','2.0.1','2450 25th St N, St. Petersburg','2025-03-07 05:37:41',NULL),(697,697,27.7858720,-82.7367860,'2026-01-17 02:34:29','2026-05-12 10:49:47','2026-05-12 10:49:47',1,87,'28827','2.0.1','1540 70th St N, St. Petersburg','2025-09-30 12:07:39',NULL),(698,698,27.8797400,-82.8135300,'2026-04-29 13:01:07','2026-05-12 10:49:47','2026-05-12 10:49:47',0,104,'28828','2.0.1','12650 Walsingham Rd, Largo','2026-04-28 13:02:26',NULL),(699,699,27.7941800,-82.6657180,'2025-03-07 05:13:46','2026-05-12 10:49:47','2026-05-12 10:49:47',0,77,'28829','2.0.1','2450 25th St N, St. Petersburg','2025-03-07 05:13:46',NULL),(700,700,27.7958580,-82.6659470,'2026-04-29 17:07:19','2026-05-12 10:49:47','2026-05-12 10:49:47',0,97,'28830','2.0.1','2450 24th St N, St. Petersburg','2026-04-22 09:39:04',NULL),(701,701,27.7941110,-82.6669160,'2026-03-22 18:37:36','2026-05-12 10:49:47','2026-05-12 10:49:47',0,98,'28831','2.0.1','SIM: N/A use Coordinate','2026-03-12 11:05:17',NULL),(702,702,27.8869820,-82.7107240,'2026-02-21 05:32:42','2026-05-12 10:49:47','2026-05-12 10:49:47',0,96,'28824','2.0.1','SIM: N/A use Coordinate','2026-02-11 06:17:30',NULL),(703,703,27.7941150,-82.6670840,'2025-10-17 05:20:14','2026-05-12 10:49:47','2026-05-12 10:49:47',0,87,'28832','2.0.1','2480 25th St N, St. Petersburg','2025-10-15 13:26:18',NULL),(704,704,27.8795590,-82.8128810,'2026-04-29 11:52:27','2026-05-12 10:49:47','2026-05-12 10:49:47',0,101,'28833','2.0.1','12600 Walsingham Rd, Largo','2026-04-20 19:59:30',NULL),(705,705,27.8867450,-82.6843490,'2026-03-02 00:32:39','2026-05-12 10:49:47','2026-05-12 10:49:47',0,81,'28835','2.0.1','3805 126th Ave N, Clearwater','2026-02-02 15:52:28',NULL),(706,706,27.8798430,-82.8132320,'2025-10-17 19:14:35','2026-05-12 10:49:47','2026-05-12 10:49:47',0,89,'28834','2.0.1','12650 Walsingham Rd, Largo','2025-10-14 11:24:44',NULL),(707,707,27.8796120,-82.8129120,'2026-03-12 03:15:22','2026-05-12 10:49:47','2026-05-12 10:49:47',0,89,'28838','2.0.1','12600 Walsingham Rd, Largo','2026-02-17 03:31:58',NULL),(708,708,27.7939700,-82.6661150,'2025-03-07 06:50:20','2026-05-12 10:49:47','2026-05-12 10:49:47',0,85,'28839','2.0.1','2450 25th St N, St. Petersburg','2025-03-07 06:50:20',NULL),(709,709,27.8183570,-82.7479860,'2026-04-29 14:25:53','2026-05-12 10:49:47','2026-05-12 10:49:47',1,131,'28836','2.0.1','7913 51st Ave N, St. Petersburg','2026-03-31 17:04:53',NULL),(710,710,27.8798180,-82.8130800,'2025-08-11 04:27:28','2026-05-12 10:49:47','2026-05-12 10:49:47',0,90,'28837','2.0.1','12650 Walsingham Rd, Largo','2025-07-30 13:04:36',NULL),(711,711,27.7940750,-82.6660610,'2025-03-07 08:53:48','2026-05-12 10:49:47','2026-05-12 10:49:47',0,106,'28842','2.0.1','2450 25th St N, St. Petersburg','2025-03-07 08:53:48',NULL),(712,712,27.9095360,-82.7503510,'2026-04-29 13:06:47','2026-05-12 10:49:47','2026-05-12 10:49:47',1,128,'28840','2.0.1','3605 7th Ave SE, Largo','2026-04-15 11:27:48',NULL),(713,713,27.8687630,-82.7170490,'2026-02-15 14:55:08','2026-05-12 10:49:47','2026-05-12 10:49:47',0,95,'28841','2.0.1','6018 107th Ave N, Pinellas Park','2026-02-06 04:06:47',NULL),(714,714,27.8795550,-82.8132170,'2026-04-29 13:42:04','2026-05-12 10:49:47','2026-05-12 10:49:47',0,96,'28843','2.0.1','12650 Walsingham Rd, Largo','2026-04-29 13:42:04',NULL),(715,715,27.8788550,-82.8123400,'2026-03-26 04:12:32','2026-05-12 10:49:47','2026-05-12 10:49:47',0,85,'28844','2.0.1','11008 Reservoir Dr N, Largo','2026-03-19 20:16:59',NULL),(716,716,27.9779830,-82.7479020,'2025-12-28 23:52:18','2026-05-12 10:49:47','2026-05-12 10:49:47',0,75,'28846','2.0.1','1255 Range Rd, Clearwater','2025-12-17 17:49:07',NULL),(717,717,27.9001980,-82.7989040,'2026-04-29 12:28:28','2026-05-12 10:49:47','2026-05-12 10:49:47',0,121,'28847','2.0.1','1833 10th St SW, Largo','2026-04-29 12:28:28',NULL),(718,718,27.8942200,-82.8494640,'2026-04-29 15:16:32','2026-05-12 10:49:47','2026-05-12 10:49:47',1,113,'28845','2.0.1','1100 Beach Trail, Indian Rocks Beach','2026-03-06 14:51:03',NULL),(719,719,27.8854560,-82.6811600,'2026-04-26 12:38:00','2026-05-12 10:49:47','2026-05-12 10:49:47',0,114,'28848','2.0.1','126TH The Mall, Clearwater','2026-04-23 12:50:57',NULL),(720,720,27.7940370,-82.6662290,'2025-03-07 08:06:07','2026-05-12 10:49:47','2026-05-12 10:49:47',0,103,'28850','2.0.1','2450 25th St N, St. Petersburg','2025-03-07 08:06:07',NULL),(721,721,28.0201070,-82.6950910,'2026-04-29 11:39:15','2026-05-12 10:49:47','2026-05-12 10:49:47',1,133,'28849','2.0.1','SIM: N/A use Coordinate','2026-04-17 15:40:37',NULL),(722,722,27.7941550,-82.6662140,'2025-03-07 15:59:39','2026-05-12 10:49:47','2026-05-12 10:49:47',0,89,'28851','2.0.1','2450 25th St N, St. Petersburg','2025-03-07 08:00:39',NULL),(723,723,28.0174180,-82.6970210,'2026-04-29 16:09:02','2026-05-12 10:49:47','2026-05-12 10:49:47',1,120,'28853','2.0.1','45 Turnstone Dr, Safety Harbor','2026-04-28 09:58:58',NULL),(724,724,27.7941230,-82.6662600,'2025-03-07 11:32:17','2026-05-12 10:49:47','2026-05-12 10:49:47',0,108,'28855','2.0.1','2450 25th St N, St. Petersburg','2025-03-07 11:32:17',NULL),(725,725,27.7940120,-82.6662220,'2025-03-07 11:42:50','2026-05-12 10:49:47','2026-05-12 10:49:47',0,105,'28854','2.0.1','2450 25th St N, St. Petersburg','2025-03-07 11:42:50',NULL),(726,726,27.7951320,-82.6656270,'2026-04-09 14:42:09','2026-05-12 10:49:47','2026-05-12 10:49:47',0,92,'28852','2.0.1','2450 25th St N, St. Petersburg','2026-04-09 06:42:37',NULL),(727,727,27.9778590,-82.7482220,'2025-11-29 19:19:29','2026-05-12 10:49:47','2026-05-12 10:49:47',0,83,'28859','2.0.1','2131 Range Rd, Clearwater','2025-11-16 13:21:35',NULL),(728,728,27.7939760,-82.6661990,'2026-04-23 05:02:04','2026-05-12 10:49:47','2026-05-12 10:49:47',1,103,'28857','2.0.1','SIM: N/A use Coordinate','2025-03-03 10:56:00',NULL),(729,729,27.7940240,-82.6661380,'2025-03-07 11:26:49','2026-05-12 10:49:47','2026-05-12 10:49:47',0,107,'28856','2.0.1','2450 25th St N, St. Petersburg','2025-03-07 11:26:49',NULL),(730,730,28.0369240,-82.7162020,'2026-04-29 12:59:32','2026-05-12 10:49:47','2026-05-12 10:49:47',1,123,'28858','2.0.1','3175 Sandy Ridge Dr, Clearwater','2026-04-06 09:05:35',NULL),(731,731,27.7941340,-82.6661220,'2025-03-07 10:46:39','2026-05-12 10:49:47','2026-05-12 10:49:47',0,102,'28861','2.0.1','2450 25th St N, St. Petersburg','2025-03-07 10:46:39',NULL),(732,732,27.7938610,-82.6659390,'2025-03-07 12:40:21','2026-05-12 10:49:47','2026-05-12 10:49:47',0,116,'28863','2.0.1','2450 25th St N, St. Petersburg','2025-03-07 12:40:21',NULL),(733,733,27.7940390,-82.6660310,'2025-03-07 20:30:57','2026-05-12 10:49:47','2026-05-12 10:49:47',0,77,'28862','2.0.1','2450 25th St N, St. Petersburg','2025-03-07 12:31:49',NULL),(734,734,27.7944510,-82.6671830,'2025-03-07 10:51:53','2026-05-12 10:49:47','2026-05-12 10:49:47',0,106,'28860','2.0.1','2500 25th St N, St. Petersburg','2025-03-07 10:51:53',NULL),(735,735,27.9781270,-82.7481160,'2026-02-18 23:47:22','2026-05-12 10:49:47','2026-05-12 10:49:47',0,84,'28864','2.0.1','2121 Range Rd, Clearwater','2026-01-22 17:48:23',NULL),(736,736,27.7940440,-82.6662220,'2025-03-07 13:06:25','2026-05-12 10:49:47','2026-05-12 10:49:47',1,130,'28865','2.0.1','SIM: N/A use Coordinate','2025-03-07 13:06:25',NULL),(737,737,27.7940200,-82.6662220,'2025-03-07 13:17:20','2026-05-12 10:49:47','2026-05-12 10:49:47',0,118,'28866','2.0.1','2450 25th St N, St. Petersburg','2025-03-07 13:17:20',NULL),(738,738,27.7959460,-82.6660920,'2026-04-29 16:11:00','2026-05-12 10:49:47','2026-05-12 10:49:47',0,100,'29047','2.0.1','2450 24th St N, St. Petersburg','2026-04-15 08:37:59',NULL),(739,739,27.7960400,-82.6664430,'2026-04-29 17:23:34','2026-05-12 10:49:47','2026-05-12 10:49:47',0,96,'29049','2.0.1','2657 25th St N, St. Petersburg','2026-04-22 17:45:31',NULL),(740,740,27.8867240,-82.6843570,'2026-03-06 16:02:11','2026-05-12 10:49:47','2026-05-12 10:49:47',0,100,'29048','2.0.1','3805 126th Ave N, Clearwater','2026-03-03 16:04:40',NULL),(741,741,27.7941470,-82.6664050,'2025-04-10 05:11:49','2026-05-12 10:49:47','2026-05-12 10:49:47',0,92,'29050','2.0.1','2450 25th St N, St. Petersburg','2025-04-10 05:11:49',NULL),(742,742,27.7959840,-82.6661530,'2026-04-23 17:34:39','2026-05-12 10:49:47','2026-05-12 10:49:47',0,96,'29051','2.0.1','2600 24th St N, St. Petersburg','2026-03-31 10:29:11',NULL),(743,743,27.7938500,-82.6657790,'2025-04-10 05:44:39','2026-05-12 10:49:47','2026-05-12 10:49:47',0,101,'29053','2.0.1','2380 24th Ave N, St. Petersburg','2025-04-10 05:44:39',NULL),(744,744,27.7938160,-82.6661150,'2025-04-10 05:44:38','2026-05-12 10:49:47','2026-05-12 10:49:47',0,99,'29052','2.0.1','2450 25th St N, St. Petersburg','2025-04-10 05:44:38',NULL),(745,745,27.7940040,-82.6661220,'2025-04-10 05:44:38','2026-05-12 10:49:47','2026-05-12 10:49:47',0,96,'29055','2.0.1','2450 25th St N, St. Petersburg','2025-04-10 05:44:38',NULL),(746,746,27.7940430,-82.6663280,'2025-04-10 05:44:44','2026-05-12 10:49:47','2026-05-12 10:49:47',0,95,'29054','2.0.1','2450 25th St N, St. Petersburg','2025-04-10 05:44:44',NULL),(747,747,27.7939110,-82.6661760,'2025-04-10 06:13:09','2026-05-12 10:49:47','2026-05-12 10:49:47',0,100,'29057','2.0.1','2450 25th St N, St. Petersburg','2025-04-10 06:13:09',NULL),(748,748,27.7940440,-82.6662290,'2025-04-10 06:12:48','2026-05-12 10:49:47','2026-05-12 10:49:47',0,101,'29056','2.0.1','2450 25th St N, St. Petersburg','2025-04-10 06:12:48',NULL),(749,749,27.7941170,-82.6661760,'2025-04-10 06:12:50','2026-05-12 10:49:47','2026-05-12 10:49:47',0,108,'29058','2.0.1','2450 25th St N, St. Petersburg','2025-04-10 06:12:50',NULL),(750,750,27.7939320,-82.6661990,'2025-04-10 22:09:58','2026-05-12 10:49:47','2026-05-12 10:49:47',0,85,'29059','2.0.1','2450 25th St N, St. Petersburg','2025-04-10 06:12:57',NULL),(751,751,27.7939910,-82.6661150,'2025-04-10 14:58:59','2026-05-12 10:49:47','2026-05-12 10:49:47',0,100,'29061','2.0.1','2450 25th St N, St. Petersburg','2025-04-10 07:00:28',NULL),(752,752,27.7761480,-82.6411290,'2026-04-29 16:29:41','2026-05-12 10:49:47','2026-05-12 10:49:47',0,116,'29063','2.0.1','540 4th Ave N, St. Petersburg','2026-04-29 10:28:40',NULL),(753,753,27.7939450,-82.6660610,'2025-06-02 07:47:06','2026-05-12 10:49:47','2026-05-12 10:49:47',0,92,'29060','2.0.1','Google: N/A use Coordinate','2025-04-10 07:00:30',NULL),(754,754,27.7937680,-82.6663060,'2025-04-10 14:58:50','2026-05-12 10:49:47','2026-05-12 10:49:47',0,102,'29062','2.0.1','2414 24th Ave N, St. Petersburg','2025-04-10 07:00:14',NULL),(755,755,27.7947710,-82.6657790,'2026-04-29 16:48:59','2026-05-12 10:49:47','2026-05-12 10:49:47',0,104,'29066','2.0.1','2450 25th St N, St. Petersburg','2026-04-29 16:48:59',NULL),(756,756,27.7136150,-82.6697690,'2026-04-29 16:57:59','2026-05-12 10:49:47','2026-05-12 10:49:47',1,127,'29065','2.0.1','2665 60th Ave S, St. Petersburg','2026-03-25 07:00:06',NULL),(757,757,27.8870430,-82.6842580,'2026-04-29 16:37:39','2026-05-12 10:49:47','2026-05-12 10:49:47',0,98,'29064','2.0.1','3805 126th Ave N, Clearwater','2026-04-16 17:02:54',NULL),(758,758,27.7940100,-82.6661760,'2025-04-10 15:26:23','2026-05-12 10:49:47','2026-05-12 10:49:47',0,96,'29067','2.0.1','2450 25th St N, St. Petersburg','2025-04-10 07:27:46',NULL),(759,759,27.7953800,-82.6663820,'2026-04-27 00:28:31','2026-05-12 10:49:47','2026-05-12 10:49:47',0,94,'29069','2.0.1','2501 25th St N, St. Petersburg','2026-04-08 10:01:46',NULL),(760,760,27.7940220,-82.6661610,'2025-04-10 15:52:10','2026-05-12 10:49:47','2026-05-12 10:49:47',0,95,'29068','2.0.1','2450 25th St N, St. Petersburg','2025-04-10 07:53:10',NULL),(761,761,27.7940040,-82.6663440,'2025-04-10 15:52:12','2026-05-12 10:49:47','2026-05-12 10:49:47',0,94,'29071','2.0.1','2450 25th St N, St. Petersburg','2025-04-10 07:53:13',NULL),(762,762,27.8790700,-82.8131480,'2026-04-27 02:03:36','2026-05-12 10:49:47','2026-05-12 10:49:47',0,88,'29070','2.0.1','12600 Walsingham Rd, Largo','2026-04-24 02:05:58',NULL),(763,763,27.7940140,-82.6662600,'2025-04-10 16:25:28','2026-05-12 10:49:47','2026-05-12 10:49:47',0,94,'29074','2.0.1','2450 25th St N, St. Petersburg','2025-04-10 08:25:47',NULL),(764,764,27.7940440,-82.6662220,'2025-04-10 16:24:01','2026-05-12 10:49:47','2026-05-12 10:49:47',0,92,'29072','2.0.1','2450 25th St N, St. Petersburg','2025-04-10 08:25:48',NULL),(765,765,27.7939930,-82.6662060,'2025-04-10 16:22:53','2026-05-12 10:49:47','2026-05-12 10:49:47',0,92,'29073','2.0.1','2450 25th St N, St. Petersburg','2025-04-10 08:25:50',NULL),(766,766,27.7939800,-82.6661680,'2025-04-10 16:25:08','2026-05-12 10:49:47','2026-05-12 10:49:47',0,94,'29075','2.0.1','2450 25th St N, St. Petersburg','2025-04-10 08:25:49',NULL),(767,767,27.8334330,-82.7803570,'2026-04-29 15:59:56','2026-05-12 10:49:47','2026-05-12 10:49:47',1,118,'29078','2.0.1','10399 104th Ave, Largo','2026-03-16 11:08:28',NULL),(768,768,27.7940310,-82.6660460,'2025-04-11 17:30:04','2026-05-12 10:49:47','2026-05-12 10:49:47',0,89,'29076','2.0.1','2450 25th St N, St. Petersburg','2025-04-10 09:33:38',NULL),(769,769,27.8796480,-82.8134380,'2026-04-22 06:47:04','2026-05-12 10:49:47','2026-05-12 10:49:47',0,89,'29079','2.0.1','12650 Walsingham Rd, Largo','2026-03-30 07:53:52',NULL),(770,770,27.8796960,-82.8132400,'2026-04-29 11:47:35','2026-05-12 10:49:47','2026-05-12 10:49:47',1,132,'29077','2.0.1','SIM: N/A use Coordinate','2026-04-14 12:30:20',NULL),(771,771,27.8796310,-82.8131710,'2025-12-22 14:32:32','2026-05-12 10:49:47','2026-05-12 10:49:47',0,99,'29082','2.0.1','12650 Walsingham Rd, Largo','2025-12-02 16:05:48',NULL),(772,772,27.8793810,-82.8131710,'2025-12-29 12:35:10','2026-05-12 10:49:47','2026-05-12 10:49:47',0,90,'29080','2.0.1','12600 Walsingham Rd, Largo','2025-12-04 13:06:57',NULL),(773,773,27.7940480,-82.6662140,'2025-04-10 10:06:16','2026-05-12 10:49:47','2026-05-12 10:49:47',0,132,'29083','2.0.1','2450 25th St N, St. Petersburg','2025-04-10 10:06:16',NULL),(774,774,27.7944110,-82.6665650,'2025-04-10 10:06:50','2026-05-12 10:49:47','2026-05-12 10:49:47',0,122,'29081','2.0.1','2501 25th Ave N, St. Petersburg','2025-04-10 10:06:50',NULL),(775,775,27.7938800,-82.6661070,'2025-04-10 18:36:57','2026-05-12 10:49:47','2026-05-12 10:49:47',0,89,'29086','2.0.1','2450 25th St N, St. Petersburg','2025-04-10 10:37:46',NULL),(776,776,27.7938630,-82.6662290,'2025-04-10 18:35:59','2026-05-12 10:49:47','2026-05-12 10:49:47',0,89,'29087','2.0.1','2450 25th St N, St. Petersburg','2025-04-10 10:37:49',NULL),(777,777,27.7934270,-82.6657180,'2025-04-10 10:38:09','2026-05-12 10:49:47','2026-05-12 10:49:47',0,118,'29085','2.0.1','2380 24th Ave N, St. Petersburg','2025-04-10 10:38:09',NULL),(778,778,27.7939610,-82.6658860,'2025-04-10 10:37:57','2026-05-12 10:49:47','2026-05-12 10:49:47',0,131,'29084','2.0.1','2450 25th St N, St. Petersburg','2025-04-10 10:37:57',NULL),(779,779,27.7939910,-82.6662750,'2025-04-10 10:54:11','2026-05-12 10:49:47','2026-05-12 10:49:47',0,130,'29089','2.0.1','2450 25th St N, St. Petersburg','2025-04-10 10:54:11',NULL),(780,780,27.7939010,-82.6660920,'2025-06-10 14:41:39','2026-05-12 10:49:47','2026-05-12 10:49:47',0,116,'29091','2.0.1','2450 25th St N, St. Petersburg','2025-04-10 10:54:10',NULL),(781,781,27.7958320,-82.6660460,'2026-01-17 02:34:55','2026-05-12 10:49:47','2026-05-12 10:49:47',0,67,'29090','2.0.1','2450 24th St N, St. Petersburg','2026-01-04 19:12:24',NULL),(782,782,27.7939550,-82.6662980,'2025-04-10 10:54:09','2026-05-12 10:49:47','2026-05-12 10:49:47',0,128,'29088','2.0.1','2450 25th St N, St. Petersburg','2025-04-10 10:54:09',NULL),(783,783,28.5033290,-81.4040180,'2026-02-11 18:59:12','2026-05-12 10:49:47','2026-05-12 10:49:47',0,108,'','1.0.2HAT','3900 Ravenwood Ave, Orlando','2026-02-11 18:59:12',NULL);
/*!40000 ALTER TABLE `device_states` ENABLE KEYS */;
UNLOCK TABLES;

--
-- Table structure for table `users`
--

DROP TABLE IF EXISTS `users`;
/*!40101 SET @saved_cs_client     = @@character_set_client */;
/*!50503 SET character_set_client = utf8mb4 */;
CREATE TABLE `users` (
  `id` bigint unsigned NOT NULL AUTO_INCREMENT,
  `name` varchar(255) COLLATE utf8mb4_unicode_ci NOT NULL,
  `email` varchar(255) COLLATE utf8mb4_unicode_ci NOT NULL,
  `email_verified_at` timestamp NULL DEFAULT NULL,
  `password` varchar(255) COLLATE utf8mb4_unicode_ci NOT NULL,
  `remember_token` varchar(100) COLLATE utf8mb4_unicode_ci DEFAULT NULL,
  `created_at` timestamp NULL DEFAULT NULL,
  `updated_at` timestamp NULL DEFAULT NULL,
  `legacy_user_id` bigint DEFAULT NULL,
  PRIMARY KEY (`id`),
  UNIQUE KEY `users_email_unique` (`email`),
  UNIQUE KEY `users_legacy_user_id_unique` (`legacy_user_id`)
) ENGINE=InnoDB AUTO_INCREMENT=50 DEFAULT CHARSET=utf8mb4 COLLATE=utf8mb4_unicode_ci;
/*!40101 SET character_set_client = @saved_cs_client */;

--
-- Dumping data for table `users`
--

LOCK TABLES `users` WRITE;
/*!40000 ALTER TABLE `users` DISABLE KEYS */;
INSERT INTO `users` VALUES (1,'David Johnson','david.johnson8@duke-energy.com',NULL,'$2y$10$15wHB1BYOXAhGgWfS0IMcuWdFckzpbLbU0YUsUt0RXYMLtCHuf.bO',NULL,'2026-05-12 10:52:04','2026-05-12 10:52:04',3),(2,'Daniel Bernard','Daniel.Bernard@duke-energy.com',NULL,'$2y$10$kZJc6j0w0XZ2xSUG2sLGYOZ.gISLlq6WUOQQghd2e9376yjigvENq',NULL,'2026-05-12 10:52:04','2026-05-12 10:52:04',13),(3,'Kent Allen','kent.allen@duke-energy.com',NULL,'$2y$10$jYRbN734uCD3acO86.sTo./BD1OLUyw9mpr/5zld/Ur8CqID8QkX.',NULL,'2026-05-12 10:52:04','2026-05-12 10:52:04',14),(4,'Jarrod Robinson','jarrod.robinson@duke-energy.com',NULL,'$2y$10$U59PajvZMqHywU2Xfssa1.gbbywBLdm8/mB4txaz/Jh9kMbzzz5dG',NULL,'2026-05-12 10:52:04','2026-05-12 10:52:04',15),(5,'Victor Doctor','victor.doctor@duke-energy.com',NULL,'$2y$10$lAn0GqVu7GJ5Lb6NntIxTu8/p4vuv0ocmkiH0Pxitxg.dSEMPAPyq',NULL,'2026-05-12 10:52:04','2026-05-12 10:52:04',16),(6,'Adam Crowe','adam.crowe@duke-energy.com',NULL,'$2y$10$F.qiF1HOGGyxJLy70Jv2ouEQ7XAuTgN3WH0SVR4KfyvCUHjv4YIte',NULL,'2026-05-12 10:52:04','2026-05-12 10:52:04',17),(7,'Jose Proenza','Jose.proenza@duke-energy.com',NULL,'$2y$10$uHnSDwH/AK2LzcpTN8tece/zKeZdeZ5HW.ZXwpVrUgW6gKnwB1CTq',NULL,'2026-05-12 10:52:04','2026-05-12 10:52:04',19),(8,'Bruce Hardy','bruce.hardy@duke-energy.com',NULL,'$2y$10$zGoh17cZZ5CuZ6UX6Myk.u6AXgFV6sBQuR8nH5omyF7Im4rcVRA2.',NULL,'2026-05-12 10:52:04','2026-05-12 10:52:04',20),(9,'David Dolan','david.dolan@duke-energy.com',NULL,'$2y$10$AM9NPYrEgxdZT7VehasHJeYiGAF1/UtVVE3B2dd6.IRFnT7CsqmAu',NULL,'2026-05-12 10:52:04','2026-05-12 10:52:04',21),(10,'Gearald Searson','gearald.searson@duke-energy.com',NULL,'$2y$10$YZE47BP1xQ2cHjPD5Pjo6OKhWKG4iurwo2Utn36uBDiirErfWgr0q',NULL,'2026-05-12 10:52:04','2026-05-12 10:52:04',22),(11,'Chase Millender','chase.millender@duke-energy.com',NULL,'$2y$10$Yx1dkaIfeAnu2RUYyFQ0R.7eDNRp6Q43nhmMqiVxD3Nf1PfBrQBQi',NULL,'2026-05-12 10:52:04','2026-05-12 10:52:04',23),(12,'Ronald Crile','ronald.crile@duke-energy.com',NULL,'$2y$10$wTxNkRwSfhy/Vp1XgNEJu.xMSu1fzpGbBc8deTYBa8ku6Pez3bIvW',NULL,'2026-05-12 10:52:04','2026-05-12 10:52:04',24),(13,'Patrick Barfield','patrick.barfield@duke-energy.com',NULL,'$2y$10$m8JegG9M9iak6r.bNw5OyO8iuVf2eZ.cGzN9iCmyyYHhkIaTJ4tWa',NULL,'2026-05-12 10:52:04','2026-05-12 10:52:04',25),(14,'Joel Bernier','joel.bernier@duke-energy.com',NULL,'$2y$10$59pqlPxM.AvyN86qvHUAlu0s8/uLECkShpCZmDeoiH5uzRe.wDBrm',NULL,'2026-05-12 10:52:04','2026-05-12 10:52:04',26),(15,'Mark Moses','mark.moses@duke-energy.com',NULL,'$2y$10$X07IyPlpZfj37z.yS20bJOGvYoqlahMNlZfCdO4UW7nV2drgiW4na',NULL,'2026-05-12 10:52:04','2026-05-12 10:52:04',27),(16,'Dean Van Buren','dean.vanBuren@duke-energy.com',NULL,'$2y$10$NFc/VnLwbcrN9e.P/mTNxebL3IxrxuBtUv8Qf1A2cLw6z2IFlKTue',NULL,'2026-05-12 10:52:04','2026-05-12 10:52:04',28),(17,'Christopher Billek','Christopher.Billek@duke-energy.com',NULL,'$2y$10$FzCGg37A3NK5XL4YPrAaPeZJa1sBkKlBfEkrnXxBFNLoVghaa2XPK',NULL,'2026-05-12 10:52:04','2026-05-12 10:52:04',30),(18,'Michael Trudell','Michael.Trudell@duke-energy.com',NULL,'$2y$10$8MAH4vdAacFpCHQtECsXW.X8G28zVAjORLoe3E5nYs6yQhAEOY.oK',NULL,'2026-05-12 10:52:04','2026-05-12 10:52:04',31),(19,'Roy Mathis','Roy.Mathis@duke-energy.com',NULL,'$2y$10$LIHBd1PpxMLqXxSQi3BzGODTIWikrR9ZvdmDBex0Uv6OaYGt30TYu',NULL,'2026-05-12 10:52:04','2026-05-12 10:52:04',32),(20,'Lakewales@DE','lakewales@duke-energy.com',NULL,'$2y$10$UmyXK0ugX.SFeH09F.Rm8OMYRWaJFl5GFcUgubCbYO6gAjwDWFt6m',NULL,'2026-05-12 10:52:04','2026-05-12 10:52:04',33),(21,'Highland@DE','highland@duke-energy.com',NULL,'$2y$10$ElPAvvPnB9DSy6tnHKyXeexbbeSDQVWACK6Ej02EE7VzoRZvbbuz6',NULL,'2026-05-12 10:52:04','2026-05-12 10:52:04',34),(22,'LongWood@DE','longwood@duke-energy.com',NULL,'$2y$10$C3jMNLtgen8hcfPQOdbwj.bm7gmbaaTdFR.mSfDbdjrN.9RbWbfDa',NULL,'2026-05-12 10:52:04','2026-05-12 10:52:04',35),(23,'Apopka@DE','apopka@duke-energy.com',NULL,'$2y$10$x5q3VJY0s4ZnYyhcUBzerecqGrZIRz4Q0SK0ALLirk3W6S59YvhGW',NULL,'2026-05-12 10:52:04','2026-05-12 10:52:04',36),(24,'Ocala@DE','ocala@duke-energy.com',NULL,'$2y$10$856fDfh1LbgGDH0T/zNEieeRksSAkw4QgaGoMic6s8OKBTRV9bCM.',NULL,'2026-05-12 10:52:04','2026-05-12 10:52:04',37),(25,'Wildwood@DE','wildwood@duke-energy.com',NULL,'$2y$10$IbUHu.10xThGrqpyYTHbhuWKswdHT708ZZF9y6GKxfLnukq0H.MN2',NULL,'2026-05-12 10:52:04','2026-05-12 10:52:04',38),(26,'7Springs@DE','7springs@duke-energy.com',NULL,'$2y$10$wSfNLtSFoNS3Y0R9gFfhlOwJ6QNYJfc3PQLZGkEqDFvoLTgZs4GBm',NULL,'2026-05-12 10:52:04','2026-05-12 10:52:04',39),(27,'StPete@DE','stpete@duke-energy.com',NULL,'$2y$10$QOs4QlxMRi8h5Xo92Off8eiOhbSF3Hk.Ehc43JTfZOQZZkJMrUHmi',NULL,'2026-05-12 10:52:04','2026-05-12 10:52:04',40),(28,'BV@DE','bv@duke-energy.com',NULL,'$2y$10$boaBMOaDbRCFrH/OxODE3.2kTP24EpH9vrC9xX5mSox5t/ihb74ya',NULL,'2026-05-12 10:52:04','2026-05-12 10:52:04',41),(29,'Deland@DE','deland@duke-energy.com',NULL,'$2y$10$ukj5rDhxx12gvyyN2bSWzeVelVnIO1JdotgcUk/Yn7.jVrM2Te48y',NULL,'2026-05-12 10:52:04','2026-05-12 10:52:04',42),(30,'JTowns@DE','jtown@duke-energy.com',NULL,'$2y$10$s7gJEZmXgJVQoffCn7rz.O92UUflHByhtL8qsdQIdbgV2vo7kca6.',NULL,'2026-05-12 10:52:04','2026-05-12 10:52:04',43),(31,'Monticello@DE','monticello@duke-energy.com',NULL,'$2y$10$CnnnDh2shBFz1v9RWbSFkOoLkXbsDw2w/VNXuQ0WA7DbEJls73yl6',NULL,'2026-05-12 10:52:04','2026-05-12 10:52:04',44),(32,'Crawfordville@DE','crw@duke-energy.com',NULL,'$2y$10$nSLDIxqfUcb98p3LMoESgO9FPTGTSRX.Ytmfzrb3/VRuZ27/mD3na',NULL,'2026-05-12 10:52:04','2026-05-12 10:52:04',45),(33,'Inverness@DE','inverness@duke-energy.com',NULL,'$2y$10$rCCbXAjfXHWAMYke9AbGb.mgdyKx1uPBpKruKPWLQ87AfuXYxxnsG',NULL,'2026-05-12 10:52:04','2026-05-12 10:52:04',46),(34,'SEO@DE','seo@duke-energy.com',NULL,'$2y$10$/k9ePPP/pzEU7E0abEnS6u0ZiyvpxVjAJm29.bZ7t.6K4U0naRPie',NULL,'2026-05-12 10:52:04','2026-05-12 10:52:04',47),(35,'Odena@DE','odena@duke-energy.com',NULL,'$2y$10$IzdGp1cTsl3pmWCKXNecT.RMebMy9cpyxsxVdZL.vF3y5Boh7DoSW',NULL,'2026-05-12 10:52:04','2026-05-12 10:52:04',48),(36,'Brooksville@DE','brooksville@duke-energy.com',NULL,'$2y$10$ThfgjzXElnmI3..AFGhsmui7/PmXHvlk7Vi1TSgnwVqsNfxWSBJs6',NULL,'2026-05-12 10:52:04','2026-05-12 10:52:04',49),(37,'Zephyrhill@DE','zephyrhill@duke-energy.com',NULL,'$2y$10$6vEHT2upeNt6L4GHwrQHPux6.mFld.vM/F3fnhuRQkmpLmZyldKay',NULL,'2026-05-12 10:52:04','2026-05-12 10:52:04',50),(38,'Eustis@DE','eustis@duke-energy.com',NULL,'$2y$10$C437wqeM2gApI141B0Oo4OzM0pjvVflGwk6e2ZPjFphHFLHMjdFw.',NULL,'2026-05-12 10:52:04','2026-05-12 10:52:04',51),(39,'Dunnellon@DE','dunnellon@duke-energy.com',NULL,'$2y$10$zNNm2yHk.WvAEohTWtGhzOi8mgu4Cr7LIet8fgssWJb58pasEQu5W',NULL,'2026-05-12 10:52:04','2026-05-12 10:52:04',52),(40,'Grant Daniel','grant.daniel@duke-energy.com',NULL,'$2y$10$q3TtMNYS.HkO2L0iLb2hneGsKCs7nMhcyA57.i4uOniopXRvNKI0a',NULL,'2026-05-12 10:52:04','2026-05-12 10:52:04',53),(41,'Robert Ackerman','robert.ackerman3@duke-energy.com',NULL,'$2y$10$XGskROweq.jR2C0cSr0FIOYSNFM1jv9mLx6E2RqHvErKBTXIodxLC',NULL,'2026-05-12 10:52:04','2026-05-12 10:52:04',54),(42,'Clermont@DE','clermont@duke-energy.com',NULL,'$2y$10$FzLkQuah6QRpsSwdx4Zmo.qjYhAlNI89IpiJ/yrwI6t0lXSpf.Ayq',NULL,'2026-05-12 10:52:04','2026-05-12 10:52:04',56),(43,'Clearwater@DE','clearwater@duke-energy.com',NULL,'$2y$10$DemmoFIrlI5pkVvGA6LiqO5wecDU8SFyOdX9lr9iuUj06AyOAoPPW',NULL,'2026-05-12 10:52:04','2026-05-12 10:52:04',57),(44,'Walshingham@DE','walshingham@duke-energy.com',NULL,'$2y$10$XFCiTcPTTdcai38ayYsD7u5ewNO/PxDUkotDXEaCisGlFkrr4Db26',NULL,'2026-05-12 10:52:04','2026-05-12 10:52:04',58),(45,'WGarden@DE','wintergarden@duke-energy.com',NULL,'$2y$10$rahPUZEsxV3Xy/ZYKTAsGuUn9ai0D5yj10GUd6WvzDCqv5yR/zqvS',NULL,'2026-05-12 10:52:04','2026-05-12 10:52:04',59),(46,'ghecu','ghecu@hotmail.com',NULL,'$2y$10$ux/ROhXRkuAod7X6t43W1eDYSzdiNttFJiQOx7nsqKTvFj8BQNmS6',NULL,'2026-05-12 10:52:04','2026-05-12 10:52:04',60),(47,'MeterLab@DE','meterlab@duke-energy.com',NULL,'$2y$10$1xU5T9cc3KmISgSlafpUP.J7wbd22sinx4jWwlJyXxfaFbVWmZtOC',NULL,'2026-05-12 10:52:04','2026-05-12 10:52:04',63),(48,'Test User\'','test@example.com',NULL,'$2y$10$XU.exCYaeyYTjdFcowJGje6bnZkCrxpvyoEUEBDk0iibN7GsuRreK',NULL,'2026-05-12 10:52:04','2026-05-12 10:52:04',64),(49,'Super Admin','admin@gmail.com',NULL,'$2y$12$kjF8B4E0cc0v.B8i3BhNWO49d.4kGb3FaLqj4p0lfIyDAevWd5ayu',NULL,'2026-05-12 10:56:04','2026-05-12 10:56:04',NULL);
/*!40000 ALTER TABLE `users` ENABLE KEYS */;
UNLOCK TABLES;

--
-- Table structure for table `model_has_roles`
--

DROP TABLE IF EXISTS `model_has_roles`;
/*!40101 SET @saved_cs_client     = @@character_set_client */;
/*!50503 SET character_set_client = utf8mb4 */;
CREATE TABLE `model_has_roles` (
  `role_id` bigint unsigned NOT NULL,
  `model_type` varchar(255) COLLATE utf8mb4_unicode_ci NOT NULL,
  `model_id` bigint unsigned NOT NULL,
  PRIMARY KEY (`role_id`,`model_id`,`model_type`),
  KEY `model_has_roles_model_id_model_type_index` (`model_id`,`model_type`),
  CONSTRAINT `model_has_roles_role_id_foreign` FOREIGN KEY (`role_id`) REFERENCES `roles` (`id`) ON DELETE CASCADE
) ENGINE=InnoDB DEFAULT CHARSET=utf8mb4 COLLATE=utf8mb4_unicode_ci;
/*!40101 SET character_set_client = @saved_cs_client */;

--
-- Dumping data for table `model_has_roles`
--

LOCK TABLES `model_has_roles` WRITE;
/*!40000 ALTER TABLE `model_has_roles` DISABLE KEYS */;
INSERT INTO `model_has_roles` VALUES (1,'App\\Models\\User',1),(2,'App\\Models\\User',2),(2,'App\\Models\\User',3),(2,'App\\Models\\User',4),(2,'App\\Models\\User',5),(2,'App\\Models\\User',6),(2,'App\\Models\\User',7),(2,'App\\Models\\User',8),(2,'App\\Models\\User',9),(2,'App\\Models\\User',10),(2,'App\\Models\\User',11),(2,'App\\Models\\User',12),(2,'App\\Models\\User',13),(2,'App\\Models\\User',14),(2,'App\\Models\\User',15),(2,'App\\Models\\User',16),(2,'App\\Models\\User',17),(2,'App\\Models\\User',18),(2,'App\\Models\\User',19),(2,'App\\Models\\User',20),(2,'App\\Models\\User',21),(2,'App\\Models\\User',22),(2,'App\\Models\\User',23),(2,'App\\Models\\User',24),(2,'App\\Models\\User',25),(2,'App\\Models\\User',26),(2,'App\\Models\\User',27),(2,'App\\Models\\User',28),(2,'App\\Models\\User',29),(2,'App\\Models\\User',30),(2,'App\\Models\\User',31),(2,'App\\Models\\User',32),(2,'App\\Models\\User',33),(2,'App\\Models\\User',34),(2,'App\\Models\\User',35),(2,'App\\Models\\User',36),(2,'App\\Models\\User',37),(2,'App\\Models\\User',38),(2,'App\\Models\\User',39),(2,'App\\Models\\User',40),(2,'App\\Models\\User',41),(2,'App\\Models\\User',42),(2,'App\\Models\\User',43),(2,'App\\Models\\User',44),(2,'App\\Models\\User',45),(2,'App\\Models\\User',46),(2,'App\\Models\\User',47),(2,'App\\Models\\User',48),(1,'App\\Models\\User',49);
/*!40000 ALTER TABLE `model_has_roles` ENABLE KEYS */;
UNLOCK TABLES;
/*!40103 SET TIME_ZONE=@OLD_TIME_ZONE */;

/*!40101 SET SQL_MODE=@OLD_SQL_MODE */;
/*!40014 SET FOREIGN_KEY_CHECKS=@OLD_FOREIGN_KEY_CHECKS */;
/*!40014 SET UNIQUE_CHECKS=@OLD_UNIQUE_CHECKS */;
/*!40101 SET CHARACTER_SET_CLIENT=@OLD_CHARACTER_SET_CLIENT */;
/*!40101 SET CHARACTER_SET_RESULTS=@OLD_CHARACTER_SET_RESULTS */;
/*!40101 SET COLLATION_CONNECTION=@OLD_COLLATION_CONNECTION */;
/*!40111 SET SQL_NOTES=@OLD_SQL_NOTES */;

-- Dump completed on 2026-05-13  1:35:23
