-- MySQL dump 10.13  Distrib 8.0.30, for Win64 (x86_64)
--
-- Host: localhost    Database: bacson-gps
-- ------------------------------------------------------
-- Server version	8.0.30

/*!40101 SET @OLD_CHARACTER_SET_CLIENT=@@CHARACTER_SET_CLIENT */;
/*!40101 SET @OLD_CHARACTER_SET_RESULTS=@@CHARACTER_SET_RESULTS */;
/*!40101 SET @OLD_COLLATION_CONNECTION=@@COLLATION_CONNECTION */;
/*!50503 SET NAMES utf8mb4 */;
/*!40103 SET @OLD_TIME_ZONE=@@TIME_ZONE */;
/*!40103 SET TIME_ZONE='+00:00' */;
/*!40014 SET @OLD_UNIQUE_CHECKS=@@UNIQUE_CHECKS, UNIQUE_CHECKS=0 */;
/*!40014 SET @OLD_FOREIGN_KEY_CHECKS=@@FOREIGN_KEY_CHECKS, FOREIGN_KEY_CHECKS=0 */;
/*!40101 SET @OLD_SQL_MODE=@@SQL_MODE, SQL_MODE='NO_AUTO_VALUE_ON_ZERO' */;
/*!40111 SET @OLD_SQL_NOTES=@@SQL_NOTES, SQL_NOTES=0 */;

--
-- Table structure for table `cache`
--

DROP TABLE IF EXISTS `cache`;
/*!40101 SET @saved_cs_client     = @@character_set_client */;
/*!50503 SET character_set_client = utf8mb4 */;
CREATE TABLE `cache` (
  `key` varchar(255) COLLATE utf8mb4_unicode_ci NOT NULL,
  `value` mediumtext COLLATE utf8mb4_unicode_ci NOT NULL,
  `expiration` bigint NOT NULL,
  PRIMARY KEY (`key`),
  KEY `cache_expiration_index` (`expiration`)
) ENGINE=InnoDB DEFAULT CHARSET=utf8mb4 COLLATE=utf8mb4_unicode_ci;
/*!40101 SET character_set_client = @saved_cs_client */;

--
-- Dumping data for table `cache`
--

LOCK TABLES `cache` WRITE;
/*!40000 ALTER TABLE `cache` DISABLE KEYS */;
/*!40000 ALTER TABLE `cache` ENABLE KEYS */;
UNLOCK TABLES;

--
-- Table structure for table `cache_locks`
--

DROP TABLE IF EXISTS `cache_locks`;
/*!40101 SET @saved_cs_client     = @@character_set_client */;
/*!50503 SET character_set_client = utf8mb4 */;
CREATE TABLE `cache_locks` (
  `key` varchar(255) COLLATE utf8mb4_unicode_ci NOT NULL,
  `owner` varchar(255) COLLATE utf8mb4_unicode_ci NOT NULL,
  `expiration` bigint NOT NULL,
  PRIMARY KEY (`key`),
  KEY `cache_locks_expiration_index` (`expiration`)
) ENGINE=InnoDB DEFAULT CHARSET=utf8mb4 COLLATE=utf8mb4_unicode_ci;
/*!40101 SET character_set_client = @saved_cs_client */;

--
-- Dumping data for table `cache_locks`
--

LOCK TABLES `cache_locks` WRITE;
/*!40000 ALTER TABLE `cache_locks` DISABLE KEYS */;
/*!40000 ALTER TABLE `cache_locks` ENABLE KEYS */;
UNLOCK TABLES;

--
-- Table structure for table `device_histories`
--

DROP TABLE IF EXISTS `device_histories`;
/*!40101 SET @saved_cs_client     = @@character_set_client */;
/*!50503 SET character_set_client = utf8mb4 */;
CREATE TABLE `device_histories` (
  `id` bigint unsigned NOT NULL AUTO_INCREMENT,
  `device_id` bigint unsigned NOT NULL,
  `latitude` decimal(10,7) NOT NULL,
  `longitude` decimal(10,7) NOT NULL,
  `power_status` tinyint(1) NOT NULL,
  `temperature` double DEFAULT NULL,
  `tool_watch` varchar(255) COLLATE utf8mb4_unicode_ci DEFAULT NULL,
  `address` text COLLATE utf8mb4_unicode_ci,
  `started_at` timestamp NOT NULL,
  `ended_at` timestamp NOT NULL,
  `duration_seconds` int NOT NULL DEFAULT '0',
  `operator` varchar(255) COLLATE utf8mb4_unicode_ci DEFAULT NULL,
  `firmware_version` varchar(255) COLLATE utf8mb4_unicode_ci DEFAULT NULL,
  `created_at` timestamp NULL DEFAULT NULL,
  `updated_at` timestamp NULL DEFAULT NULL,
  PRIMARY KEY (`id`),
  KEY `device_histories_device_id_foreign` (`device_id`),
  CONSTRAINT `device_histories_device_id_foreign` FOREIGN KEY (`device_id`) REFERENCES `devices` (`id`) ON DELETE CASCADE
) ENGINE=InnoDB AUTO_INCREMENT=60 DEFAULT CHARSET=utf8mb4 COLLATE=utf8mb4_unicode_ci;
/*!40101 SET character_set_client = @saved_cs_client */;

--
-- Dumping data for table `device_histories`
--

LOCK TABLES `device_histories` WRITE;
/*!40000 ALTER TABLE `device_histories` DISABLE KEYS */;
INSERT INTO `device_histories` VALUES (1,69,28.6917970,-81.3891530,1,NULL,'','MJR6+P8 Wekiwa Springs, FL','2026-04-28 22:09:10','2026-04-29 04:11:20',21730,'','1.0.8','2026-05-14 20:44:07','2026-05-14 20:44:07'),(2,69,28.6904260,-81.4027180,1,NULL,'','151 Crown Point Cir, Longwood','2026-04-28 03:57:30','2026-04-28 16:02:29',43499,'','1.0.8','2026-05-14 20:44:07','2026-05-14 20:44:07'),(3,175,28.7101080,-81.3612210,0,NULL,'','914 Woodgate Trail, Longwood','2026-04-27 08:29:05','2026-04-27 16:27:22',28697,'','2.0.1','2026-05-14 20:44:07','2026-05-14 20:44:07'),(4,175,28.7100870,-81.3613280,1,NULL,'','914 Woodgate Trail, Longwood','2026-04-27 03:38:01','2026-04-27 08:29:05',17464,'','2.0.1','2026-05-14 20:44:07','2026-05-14 20:44:07'),(5,81,28.7034230,-81.2042470,1,NULL,'','2360 Black Hammock Rd, Oviedo','2026-04-26 12:32:30','2026-04-26 14:13:35',6065,'','2.0.1','2026-05-14 20:44:07','2026-05-14 20:44:07');
/*!40000 ALTER TABLE `device_histories` ENABLE KEYS */;
UNLOCK TABLES;

--
-- Table structure for table `device_states`
--

DROP TABLE IF EXISTS `device_states`;
/*!40101 SET @saved_cs_client     = @@character_set_client */;
/*!50503 SET character_set_client = utf8mb4 */;
CREATE TABLE `device_states` (
  `id` bigint unsigned NOT NULL AUTO_INCREMENT,
  `device_id` bigint unsigned NOT NULL,
  `latitude` decimal(10,7) NOT NULL,
  `longitude` decimal(10,7) NOT NULL,
  `last_report_at` timestamp NULL DEFAULT NULL,
  `created_at` timestamp NULL DEFAULT NULL,
  `updated_at` timestamp NULL DEFAULT NULL,
  `power_status` tinyint(1) NOT NULL DEFAULT '0',
  `temperature` double DEFAULT NULL,
  `tool_watch` varchar(255) COLLATE utf8mb4_unicode_ci DEFAULT NULL,
  `firmware_version` varchar(255) COLLATE utf8mb4_unicode_ci DEFAULT NULL,
  `address` text COLLATE utf8mb4_unicode_ci,
  `session_started_at` timestamp NULL DEFAULT NULL,
  `operator` varchar(255) COLLATE utf8mb4_unicode_ci DEFAULT NULL,
  PRIMARY KEY (`id`),
  UNIQUE KEY `device_states_device_id_unique` (`device_id`),
  CONSTRAINT `device_states_device_id_foreign` FOREIGN KEY (`device_id`) REFERENCES `devices` (`id`) ON DELETE CASCADE
) ENGINE=InnoDB AUTO_INCREMENT=201 DEFAULT CHARSET=utf8mb4 COLLATE=utf8mb4_unicode_ci;
/*!40101 SET character_set_client = @saved_cs_client */;

--
-- Dumping data for table `device_states`
--

LOCK TABLES `device_states` WRITE;
/*!40000 ALTER TABLE `device_states` DISABLE KEYS */;
INSERT INTO `device_states` VALUES (1,1,28.2229500,-82.7401890,'2026-01-09 12:18:06','2026-05-14 20:44:06','2026-05-14 20:44:06',1,125,'25919','1.0.5.2','4463 Tucker Square, New Port Richey','2026-01-02 07:13:05','Install'),(2,2,28.1177730,-82.7721710,'2025-12-29 10:48:58','2026-05-14 20:44:06','2026-05-14 20:44:06',1,121,'25911','1.0.5.2','35 Baywood Dr, Palm Harbor','2025-12-28 16:44:17',NULL),(3,3,27.7938310,-82.6665500,'2026-04-24 12:33:50','2026-05-14 20:44:06','2026-05-14 20:44:06',0,103,'25979','1.0.8','2434 24th Ave N, St. Petersburg','2026-04-24 11:57:42',NULL),(4,4,28.3482340,-81.4135210,'2021-07-08 15:00:00','2026-05-14 20:44:06','2026-05-14 20:44:06',1,111.2,'25957','1.0.5.2','14826 Lone Eagle Dr, Orlando, FL 32837, USA','2021-07-08 05:22:25',NULL),(5,5,27.7942430,-82.6669920,'2025-02-18 13:03:10','2026-05-14 20:44:06','2026-05-14 20:44:06',1,109,'25955','1.0.5.2','2480 25th St N, St. Petersburg','2025-02-18 13:03:10',NULL),(6,6,27.7941320,-82.6669080,'2026-01-06 13:07:32','2026-05-14 20:44:06','2026-05-14 20:44:06',1,91,'25974','1.0.5.2','GSM: 1645 24th Ave N, St. Petersburg','2026-01-06 13:07:32',NULL),(7,7,27.7943000,-82.6668620,'2025-02-03 08:49:41','2026-05-14 20:44:06','2026-05-14 20:44:06',1,89,'25994','1.0.5.2','2500 25th St N, St. Petersburg','2025-02-03 08:49:41',NULL),(8,8,27.7938630,-82.6671220,'2025-09-08 10:42:20','2026-05-14 20:44:06','2026-05-14 20:44:06',0,117,'25988','1.0.5.2','GSM: 1645 24th Ave N, St. Petersburg','2025-09-08 10:42:20',NULL),(9,9,28.1647380,-81.4817730,'2022-06-21 03:29:11','2026-05-14 20:44:06','2026-05-14 20:44:06',1,101,'25991','1.0.5.2','124 Mediterranean Ct, Kissimmee','2022-06-21 03:29:11',NULL),(10,10,28.3938270,-81.5341340,'2025-07-04 05:13:28','2026-05-14 20:44:06','2026-05-14 20:44:06',0,94,'25993','2.0.1','3250 Bonnet Creek Rd, Lake Buena Vista','2025-06-11 23:19:57',NULL),(11,11,28.3940050,-81.5344390,'2024-11-05 00:29:02','2026-05-14 20:44:06','2026-05-14 20:44:06',0,89,'25995','2.0.1','9FV8+J6 Lake Buena Vista, FL','2024-10-11 18:01:06',NULL),(12,12,27.7941280,-82.6668090,'2024-12-16 19:35:03','2026-05-14 20:44:06','2026-05-14 20:44:06',0,104,'25997','2.0.1','GSM: CF6J+RQ Lake Buena Vista, FL','2024-12-09 11:28:58',NULL),(13,13,28.5563070,-81.8153920,'2025-12-19 14:52:10','2026-05-14 20:44:06','2026-05-14 20:44:06',0,99,'25998','1.0.5.4','702 Lake Douglas Dr, Groveland','2025-12-19 14:52:10',NULL),(14,14,28.2193200,-82.6690440,'2025-10-02 13:19:54','2026-05-14 20:44:07','2026-05-14 20:44:07',1,112,'25921','1.0.5.2','GSM: 7CG6+RC Moon Lake, FL','2022-06-18 03:00:53',NULL),(15,15,27.6332360,-82.5591890,'2025-10-15 11:45:43','2026-05-14 20:44:07','2026-05-14 20:44:07',1,157,'25933','1.0.8.0','GSM: 7680 Paradise Pointe Cir S, St. Petersburg','2025-09-29 09:07:41',NULL),(16,16,28.2417530,-82.7401200,'2025-10-28 05:45:58','2026-05-14 20:44:07','2026-05-14 20:44:07',1,115,'25918','1.0.5.2','4449 Rickover Ct, New Port Richey','2025-10-20 15:08:34',NULL),(17,17,28.2058600,-82.4550480,'2024-09-12 21:02:31','2026-05-14 20:44:07','2026-05-14 20:44:07',1,111,'25916','1.0.5.2','GSM: 2324 Reserve Ct, Land O  Lakes','2024-08-28 15:27:47',''),(18,18,28.2090450,-82.6922680,'2024-10-14 11:29:22','2026-05-14 20:44:07','2026-05-14 20:44:07',0,144,'25910','1.0.5.4','7401 Ivory Terrace, New Port Richey','2024-10-08 23:55:44',NULL),(19,19,28.2639770,-82.4781570,'2025-04-20 20:10:00','2026-05-14 20:44:07','2026-05-14 20:44:07',1,105,'25912','1.0.5.2','GSM: 2HQH+X6 Tampa, FL','2023-06-24 20:34:48',NULL),(20,20,28.2073900,-82.6517260,'2025-12-19 04:53:04','2026-05-14 20:44:07','2026-05-14 20:44:07',1,113,'25907','1.0.5.2','3319 Player Dr, New Port Richey','2025-09-24 23:09:40',NULL),(21,21,27.7878210,-82.7115100,'2026-01-16 21:04:46','2026-05-14 20:44:07','2026-05-14 20:44:07',1,94,'25909','1.0.8.0','5728 17th Ave N, St. Petersburg','2025-06-22 05:10:40',NULL),(22,22,28.2329790,-82.2032550,'2025-01-13 11:02:41','2026-05-14 20:44:07','2026-05-14 20:44:07',0,89,'25908','1.0.5.2','37056 Sandra Ave, Zephyrhills','2025-01-13 11:02:41',NULL),(23,23,27.7949220,-82.6655580,'2025-10-21 21:06:49','2026-05-14 20:44:07','2026-05-14 20:44:07',0,94,'25917','1.0.5.2','2450 25th St N, St. Petersburg','2025-10-21 21:06:49',NULL),(24,24,27.7941760,-82.6668850,'2025-09-24 18:07:51','2026-05-14 20:44:07','2026-05-14 20:44:07',0,91,'25914','2.0.1','2480 25th St N, St. Petersburg','2025-09-22 10:02:29',NULL),(25,25,28.2661060,-82.7113270,'2025-11-25 14:47:02','2026-05-14 20:44:07','2026-05-14 20:44:07',0,101,'25913','1.0.5.2','GSM: 7CG6+RC Moon Lake, FL','2025-09-18 10:02:10',NULL),(26,26,28.1771640,-82.7226870,'2025-09-13 07:54:21','2026-05-14 20:44:07','2026-05-14 20:44:07',1,125,'25920','1.0.5.2','5532 Mosaic Dr, Holiday','2025-07-29 03:29:48',NULL),(27,27,28.2296710,-82.1711880,'2025-03-03 23:40:11','2026-05-14 20:44:07','2026-05-14 20:44:07',1,105,'25924','1.0.5.2','39014 South Ave, Zephyrhills','2025-03-03 17:38:41',NULL),(28,28,28.2193490,-82.6693190,'2025-10-04 09:34:20','2026-05-14 20:44:07','2026-05-14 20:44:07',0,101,'25923','1.0.5.2','4115 St Lawrence Dr, New Port Richey','2025-09-30 17:39:11',NULL),(29,29,27.9781460,-82.7479170,'2025-11-04 15:41:32','2026-05-14 20:44:07','2026-05-14 20:44:07',0,94,'25928','2.0.1','2121 Range Rd, Clearwater','2025-10-15 16:10:59',NULL),(30,30,27.7943800,-82.6111980,'2026-01-27 02:32:24','2026-05-14 20:44:07','2026-05-14 20:44:07',1,90,'25929','1.0.5.2','401 Cordova Blvd NE, St. Petersburg','2025-12-30 03:46:31',NULL),(31,31,27.8086550,-82.6490250,'2024-10-10 10:07:50','2026-05-14 20:44:07','2026-05-14 20:44:07',0,100,'25930','1.0.5.2','1033 40th Ave N, St. Petersburg','2024-10-10 10:07:50',NULL),(32,32,28.0333250,-82.7275090,'2025-01-10 05:42:58','2026-05-14 20:44:07','2026-05-14 20:44:07',1,94,'25927','1.0.8.0','2662 Pebble Beach Dr, Clearwater','2024-10-09 22:13:04',NULL),(33,33,28.1620240,-82.7879870,'2025-09-05 20:50:51','2026-05-14 20:44:07','2026-05-14 20:44:07',0,101,'25925','1.0.5.2','GSM: 2HQH+X6 Tampa, FL','2025-09-03 04:48:28',NULL),(34,34,27.7941400,-82.6668930,'2025-11-03 15:05:29','2026-05-14 20:44:07','2026-05-14 20:44:07',0,98,'25926','1.0.5.2','2480 25th St N, St. Petersburg','2025-11-03 07:09:25',NULL),(35,35,28.0168950,-82.7245410,'2024-07-29 03:35:42','2026-05-14 20:44:07','2026-05-14 20:44:07',1,126,'25931','1.0.8.0','GSM: 7CG6+RC Moon Lake Estates, FL','2024-07-10 15:02:53',NULL),(36,36,27.7953620,-82.6661610,'2025-08-11 06:09:06','2026-05-14 20:44:07','2026-05-14 20:44:07',0,94,'25934','2.0.1','2450 25th St N, St. Petersburg','2025-07-16 00:02:53',NULL),(37,37,27.7958660,-82.6663060,'2025-12-24 12:58:19','2026-05-14 20:44:07','2026-05-14 20:44:07',0,109,'25932','1.0.5.2','2450 24th St N, St. Petersburg','2025-12-18 12:44:10',NULL),(38,38,27.7435630,-82.7149730,'2024-09-26 13:24:24','2026-05-14 20:44:07','2026-05-14 20:44:07',1,131,'25937','1.0.8.0','GSM: 3216 61st St E, Palmetto','2024-09-04 00:35:50',NULL),(39,39,27.8871250,-82.7113950,'2025-04-18 08:29:27','2026-05-14 20:44:07','2026-05-14 20:44:07',0,100,'25935','1.0.5.2','GSM: 3216 61st St E, Palmetto','2025-03-14 01:18:10',NULL),(40,40,27.8201220,-82.6124340,'2026-01-02 19:19:04','2026-05-14 20:44:07','2026-05-14 20:44:07',0,101,'25938','1.0.8.0','1401 52nd Ave NE, St. Petersburg','2025-12-31 11:17:19',NULL),(41,41,27.9873770,-82.7436220,'2026-03-01 13:19:05','2026-05-14 20:44:07','2026-05-14 20:44:07',1,128,'25936','1.0.5.4','1828 Stetson Dr, Clearwater','2026-02-28 09:19:40',NULL),(42,42,27.7941930,-82.6668470,'2025-01-25 16:47:10','2026-05-14 20:44:07','2026-05-14 20:44:07',0,85,'25922','1.0.5.2','2480 25th St N, St. Petersburg','2025-01-24 00:49:11',NULL),(43,43,28.2376500,-82.7392120,'2026-01-28 10:50:09','2026-05-14 20:44:07','2026-05-14 20:44:07',1,107,'25950','1.0.5.2','GSM: 3216 61st St E, Palmetto','2025-02-08 17:53:28',NULL),(44,44,28.6346720,-81.7871250,'2025-10-16 18:36:26','2026-05-14 20:44:07','2026-05-14 20:44:07',1,121,'25956','1.0.8.0','20005 US-27, Clermont','2025-10-12 04:49:47','Transfer'),(45,45,28.3939610,-81.5346530,'2021-03-31 11:10:12','2026-05-14 20:44:07','2026-05-14 20:44:07',1,102.56,'25948','1.0.5.2','3250 Bonnet Creek Rd, Lake Buena Vista, FL 32830, USA','2021-03-31 11:10:12',NULL),(46,46,28.3940140,-81.5342940,'2024-09-20 04:20:55','2026-05-14 20:44:07','2026-05-14 20:44:07',1,100,'25966','1.0.6','GSM: 1645 24th Ave N, St. Petersburg','2024-09-20 04:20:55',NULL),(47,47,27.8154870,-82.5904310,'2025-12-25 09:12:21','2026-05-14 20:44:07','2026-05-14 20:44:07',1,116,'25942','1.0.8.0','1985 Carolina Ave NE, St. Petersburg','2025-12-12 14:45:26',NULL),(48,48,27.8501300,-82.6872410,'2025-07-20 15:25:39','2026-05-14 20:44:07','2026-05-14 20:44:07',1,144,'25941','1.0.8.0','82424 New Cir Dr, Pinellas Park','2025-07-11 13:24:50',NULL),(49,49,27.7958260,-82.6663280,'2026-02-27 19:37:19','2026-05-14 20:44:07','2026-05-14 20:44:07',0,84,'25940','1.0.5.2','2450 24th St N, St. Petersburg','2026-01-15 15:25:00',NULL),(50,50,27.8696400,-82.6871720,'2025-12-30 22:48:10','2026-05-14 20:44:07','2026-05-14 20:44:07',1,76,'25939','1.0.8.0','3957 107th Ave N, Clearwater','2025-12-30 22:48:10',NULL),(51,51,27.7945160,-82.6669460,'2025-02-27 14:04:20','2026-05-14 20:44:07','2026-05-14 20:44:07',0,106,'25944','1.0.5.2','GSM: 6701 23rd St N, St. Petersburg','2025-02-27 14:04:20',NULL),(52,52,27.8706420,-82.8500440,'2022-07-28 11:04:44','2026-05-14 20:44:07','2026-05-14 20:44:07',1,125,'25943','1.0.8.0','3015 56th Ave E, Ellenton','2022-07-20 17:52:03',NULL),(53,53,28.0163360,-82.7515790,'2026-03-30 08:39:57','2026-05-14 20:44:07','2026-05-14 20:44:07',1,125,'25945','1.0.8.0','2608 Cedarglen Dr, Dunedin','2026-03-05 10:47:52',NULL),(54,54,28.7033310,-81.2042240,'2026-04-25 10:38:40','2026-05-14 20:44:07','2026-05-14 20:44:07',0,99,'25946','2.0.1','2360 Black Hammock Rd, Oviedo','2026-04-25 10:23:23',NULL),(55,55,28.3719370,-81.4199370,'2026-03-27 09:18:07','2026-05-14 20:44:07','2026-05-14 20:44:07',1,132,'25947','1.0.8.0','13307 Heron Cove Dr, Orlando','2024-05-14 20:05:41',NULL),(56,56,27.7942580,-82.6670000,'2025-03-18 12:29:04','2026-05-14 20:44:07','2026-05-14 20:44:07',1,85,'25949','2.0.1','2500 25th St N, St. Petersburg','2025-03-18 12:29:04',NULL),(57,57,28.4651790,-81.5028230,'2024-11-25 19:32:53','2026-05-14 20:44:07','2026-05-14 20:44:07',1,109,'25954','1.0.8.0','SIM: N/A use Coordinate','2024-11-10 11:04:30',NULL),(58,58,28.5002270,-81.6431120,'2026-04-24 19:19:51','2026-05-14 20:44:07','2026-05-14 20:44:07',0,92,'25953','2.0.1','17217 Sandhill Rd, Winter Garden','2026-04-24 19:19:51',NULL),(59,59,28.4914670,-81.5938640,'2024-09-07 22:55:11','2026-05-14 20:44:07','2026-05-14 20:44:07',1,124,'25952','1.0.8.0','5131 Beach River Rd, Windermere','2024-09-04 22:20:22',NULL),(60,60,28.3939290,-81.5345150,'2024-11-06 23:32:58','2026-05-14 20:44:07','2026-05-14 20:44:07',0,95,'25951','1.0.5.2','3250 Bonnet Creek Rd, Lake Buena Vista','2024-10-31 14:52:10',NULL),(61,61,28.1874030,-81.6260830,'2026-01-15 07:11:06','2026-05-14 20:44:07','2026-05-14 20:44:07',1,106,'25958','1.0.8.0','523 Cadiz Dr, Davenport','2026-01-03 17:18:48',NULL),(62,62,28.4032550,-81.4244690,'2026-04-14 05:59:13','2026-05-14 20:44:07','2026-05-14 20:44:07',1,125,'25960','1.0.8.0','3405 Burlington Dr, Orlando','2026-04-01 15:32:11','Transfer'),(63,63,28.6997390,-81.4273530,'2024-10-21 08:17:08','2026-05-14 20:44:07','2026-05-14 20:44:07',0,126,'25962','1.0.5.2','16 Green Lake Cir, Longwood','2024-10-11 12:33:21',NULL),(64,64,28.9086300,-81.3139720,'2026-01-07 16:46:51','2026-05-14 20:44:07','2026-05-14 20:44:07',1,121,'25959','1.0.5.2','300 La Creek Ct, DeBary','2025-12-26 21:49:53',NULL),(65,65,27.7942330,-82.6669620,'2026-02-16 12:04:10','2026-05-14 20:44:07','2026-05-14 20:44:07',1,94,'25961','1.0.5.2','2480 25th St N, St. Petersburg','2026-02-16 12:04:10',NULL),(66,66,27.9238680,-81.5918810,'2024-04-05 03:53:11','2026-05-14 20:44:07','2026-05-14 20:44:07',1,94,'25964','1.0.6','GSM: 1645 24th Ave N, St. Petersburg','2024-04-05 03:53:11',NULL),(67,67,27.7941610,-82.6667630,'2025-05-12 07:12:27','2026-05-14 20:44:07','2026-05-14 20:44:07',1,113,'25963','1.0.6','2440 25th St N, St. Petersburg','2025-05-12 07:12:27',NULL),(68,68,28.4558640,-81.5057680,'2026-03-23 04:35:54','2026-05-14 20:44:07','2026-05-14 20:44:07',1,111,'25965','1.0.8.0','6215 Donegal Dr, Orlando','2026-03-15 14:26:16','Transfer'),(69,69,28.6904260,-81.4027180,'2026-04-29 10:12:35','2026-05-14 20:44:07','2026-05-14 20:44:07',1,134,'25968','1.0.8','151 Crown Point Cir, Longwood','2026-04-29 04:11:20',NULL),(70,70,29.0583110,-81.3547520,'2026-02-13 10:46:26','2026-05-14 20:44:07','2026-05-14 20:44:07',0,94,'25967','2.0.1','2045 Highland Park Rd, DeLand','2026-02-12 18:42:28',NULL),(71,71,28.6275020,-81.2423480,'2024-10-08 11:11:06','2026-05-14 20:44:07','2026-05-14 20:44:07',0,117,'25970','1.0.7.1','GSM: VWV5+6J Wiggins, MS','2024-10-08 02:56:41',NULL),(72,72,28.9957450,-81.2533950,'2025-10-09 19:55:09','2026-05-14 20:44:07','2026-05-14 20:44:07',1,121,'25969','1.0.8','1608 Victoria Gardens Dr, DeLand','2025-10-02 11:45:33',NULL),(73,73,28.4579910,-81.2609710,'2025-09-24 15:02:49','2026-05-14 20:44:07','2026-05-14 20:44:07',0,105,'25971','1.0.8.0','7307 Windham Harbour Ave, Orlando','2025-09-24 15:02:49',NULL),(74,74,28.6270640,-81.2423320,'2025-10-22 07:29:20','2026-05-14 20:44:07','2026-05-14 20:44:07',0,90,'25972','1.0.5.2','2801 W State Rd 426, Oviedo','2025-10-22 07:29:20',NULL),(75,75,28.6704880,-81.4066310,'2026-04-29 15:10:21','2026-05-14 20:44:07','2026-05-14 20:44:07',1,136,'25973','1.0.8','505 Spring Oaks Blvd, Altamonte Springs','2026-04-25 14:16:05',NULL),(76,76,27.7949390,-82.6655730,'2024-10-21 15:59:21','2026-05-14 20:44:07','2026-05-14 20:44:07',0,106,'25976','1.0.8','2450 25th St N, St. Petersburg','2024-10-21 07:59:10',NULL),(77,77,28.8719160,-81.6933290,'2026-03-25 23:42:14','2026-05-14 20:44:07','2026-05-14 20:44:07',1,115,'25977','1.0.6','121 Frosti Wy, Eustis','2026-03-12 04:31:35',NULL),(78,78,28.7317430,-81.5178530,'2024-10-05 14:43:48','2026-05-14 20:44:07','2026-05-14 20:44:07',0,108,'25975','1.0.8','3120 Carmona Rd, Apopka','2024-08-01 08:01:53',NULL),(79,79,28.6825200,-81.3442080,'2025-10-11 21:29:41','2026-05-14 20:44:07','2026-05-14 20:44:07',0,87,'25978','1.0.8','150 Progress Energy Way, Longwood','2025-10-03 21:39:11',NULL),(80,80,28.7322390,-81.5123060,'2023-05-21 13:30:27','2026-05-14 20:44:07','2026-05-14 20:44:07',1,151,'25984','1.0.5.2','GSM: 4300 Marion County Rd, Lady Lake','2023-04-28 05:21:03',NULL),(81,81,28.7033500,-81.2044450,'2026-04-27 06:31:24','2026-05-14 20:44:07','2026-05-14 20:44:07',0,107,'25983','2.0.1','GSM: 2401 Wellington Blvd, Winter Park','2026-04-26 14:13:35',NULL),(82,82,27.7949580,-82.6656040,'2025-03-27 13:00:08','2026-05-14 20:44:07','2026-05-14 20:44:07',0,117,'25985','2.0.1','2450 25th St N, St. Petersburg','2025-03-10 12:02:08',NULL),(83,83,28.6276530,-81.2405470,'2025-07-04 07:39:49','2026-05-14 20:44:07','2026-05-14 20:44:07',0,104,'25986','1.0.8.0','3133 Security Ave, Oviedo','2025-07-04 07:39:49',NULL),(84,84,28.7170700,-81.5660550,'2025-07-15 03:54:11','2026-05-14 20:44:07','2026-05-14 20:44:07',1,121,'25980','1.0.5.2','3403 Button Bush Dr, Zellwood','2025-06-30 04:10:51',NULL),(85,85,28.6837600,-81.1979680,'2025-12-18 23:00:19','2026-05-14 20:44:07','2026-05-14 20:44:07',1,126,'25981','1.0.8.0','983 Country Charm Cir, Oviedo','2025-11-26 23:41:26',NULL),(86,86,28.6505240,-81.4737320,'2026-01-17 07:19:07','2026-05-14 20:44:07','2026-05-14 20:44:07',1,94,'25982','2.0.1','1951 Grasmere Dr, Apopka','2025-11-07 07:46:10',NULL),(87,87,28.3109740,-82.6744770,'2025-12-25 19:36:41','2026-05-14 20:44:07','2026-05-14 20:44:07',1,86,'25915','1.0.5.2','10541 Springwood Dr, Port Richey','2025-12-25 19:36:41','David'),(88,88,28.1238520,-81.4718020,'2025-11-07 12:00:16','2026-05-14 20:44:07','2026-05-14 20:44:07',0,98,'25989','1.0.5.4','GSM: 1645 24th Ave N, St. Petersburg','2025-11-07 12:00:16',NULL),(89,89,27.7940160,-82.6672210,'2025-03-10 11:09:10','2026-05-14 20:44:07','2026-05-14 20:44:07',0,96,'25987','2.0.1','2440 25th St N, St. Petersburg','2025-03-10 11:09:10',NULL),(90,90,28.1617580,-81.4720380,'2024-08-08 11:07:38','2026-05-14 20:44:07','2026-05-14 20:44:07',0,127,'25990','2.0.1','319 Ferrara Ct, Kissimmee','2024-08-08 10:53:19',NULL),(91,91,28.5548460,-81.5983200,'2024-03-31 00:06:32','2026-05-14 20:44:07','2026-05-14 20:44:07',1,106,'25992','1.0.5.2','SIM: N/A use Coordinate','2023-01-10 14:34:39',NULL),(92,92,28.6223550,-81.5304110,'2023-06-07 19:27:05','2026-05-14 20:44:07','2026-05-14 20:44:07',1,119,'25999','1.0.5.2','3745 Apopka Ridge Cir, Apopka','2023-06-06 01:16:53',NULL),(93,93,28.5461350,-82.4054340,'2025-07-20 13:33:17','2026-05-14 20:44:07','2026-05-14 20:44:07',1,138,'26001','1.0.8.0','940 Coachlight Ln, Brooksville','2024-09-25 10:33:04',NULL),(94,94,28.9731160,-81.2715990,'2026-04-29 14:58:44','2026-05-14 20:44:07','2026-05-14 20:44:07',1,139,'26002','2.0.1','105 Asterbrooke Dr, DeLand','2026-03-27 11:05:16',NULL),(95,95,34.9220890,-81.0813900,'2022-08-15 16:19:04','2026-05-14 20:44:07','2026-05-14 20:44:07',0,122,'N/A','2.0.1','1505 Highcrest Way, Rock Hill','2022-08-15 16:19:04',NULL),(96,96,27.7950000,-82.6655730,'2025-02-13 22:15:23','2026-05-14 20:44:07','2026-05-14 20:44:07',0,88,'25996','1.0.5.2','2450 25th St N, St. Petersburg','2025-02-06 14:10:58',NULL),(97,97,29.0326900,-81.3257450,'2026-04-29 15:50:25','2026-05-14 20:44:07','2026-05-14 20:44:07',0,105,'26003','2.0.1','394 N Spring Garden Ave, DeLand','2026-04-15 15:40:46',NULL),(98,98,27.7941590,-82.6669160,'2026-01-21 06:45:33','2026-05-14 20:44:07','2026-05-14 20:44:07',1,81,'26004','2.0.1','2480 25th St N, St. Petersburg','2026-01-21 06:45:33',NULL),(99,99,29.0326250,-81.3258130,'2025-10-27 00:44:21','2026-05-14 20:44:07','2026-05-14 20:44:07',0,86,'26006','1.0.5.4','394 N Spring Garden Ave, DeLand','2025-10-19 08:58:40',NULL),(100,100,29.0542930,-81.1969680,'2026-01-15 03:02:10','2026-05-14 20:44:07','2026-05-14 20:44:07',1,101,'26007','1.0.8','3R33+P6 Valle, FL','2026-01-07 12:22:01',NULL),(101,101,27.7940390,-82.6668470,'2024-10-01 10:06:58','2026-05-14 20:44:07','2026-05-14 20:44:07',1,106,'26021','1.0.5.2','2440 25th St N, St. Petersburg','2024-10-01 10:06:58',NULL),(102,102,27.5322480,-81.5075380,'2024-09-30 05:54:12','2026-05-14 20:44:07','2026-05-14 20:44:07',1,110,'26022','1.0.5.2','GSM: 1645 24th Ave N, St. Petersburg','2024-04-23 05:55:11',NULL),(103,103,28.3919720,-81.4072570,'2024-11-23 03:41:40','2026-05-14 20:44:07','2026-05-14 20:44:07',1,96,'26023','1.0.5.2','2125 Allspice Ave, Orlando','2024-11-22 21:40:10',NULL),(104,104,27.2429450,-81.3264690,'2024-04-19 15:27:01','2026-05-14 20:44:07','2026-05-14 20:44:07',0,149,'26024','1.0.5.2','GSM: 422 Ballyshannon Dr, Davenport','2024-04-19 15:27:01',NULL),(105,105,28.6273290,-81.2424700,'2025-07-26 21:19:06','2026-05-14 20:44:07','2026-05-14 20:44:07',0,101,'26009','2.0.1','2801 W State Rd 426, Oviedo','2025-07-11 13:26:08',NULL),(106,106,28.7035310,-81.2040860,'2026-04-25 10:40:49','2026-05-14 20:44:07','2026-05-14 20:44:07',0,102,'26010','2.0.1','2358 Black Hammock Rd, Oviedo','2026-04-25 10:25:12',NULL),(107,107,27.7941320,-82.6668620,'2024-10-23 09:48:49','2026-05-14 20:44:07','2026-05-14 20:44:07',1,118,'26025','1.0.5.2','2360 25th St N, St. Petersburg','2024-10-23 09:48:49',NULL),(108,108,27.7941250,-82.6668240,'2025-03-29 04:33:27','2026-05-14 20:44:07','2026-05-14 20:44:07',0,87,'26028','2.0.1','2360 25th St N, St. Petersburg','2025-03-28 12:35:41',NULL),(109,109,28.0249560,-81.6422200,'2024-11-07 09:06:51','2026-05-14 20:44:07','2026-05-14 20:44:07',1,105,'26027','1.0.5.2','1062 Heartwood Cypress Dr, Winter Haven','2024-11-07 09:06:51',NULL),(110,110,28.6824380,-81.3441240,'2026-04-08 23:51:42','2026-05-14 20:44:07','2026-05-14 20:44:07',0,82,'26011','1.0.6','150 Progress Energy Way, Longwood','2026-04-08 07:47:20',NULL),(111,111,27.7941680,-82.6668620,'2025-10-15 11:55:33','2026-05-14 20:44:07','2026-05-14 20:44:07',1,108,'26029','1.0.5.2','2480 25th St N, St. Petersburg','2025-10-15 11:55:33',NULL),(112,112,28.8857860,-82.0316390,'2024-10-09 11:17:33','2026-05-14 20:44:07','2026-05-14 20:44:07',0,105,'26030','1.0.5.4','GSM: 422 Ballyshannon Dr, Davenport','2024-10-04 18:58:11',NULL),(113,113,27.4840740,-81.4119030,'2025-01-15 17:35:42','2026-05-14 20:44:07','2026-05-14 20:44:07',0,82,'26026','1.0.5.2','4750 Kenilworth Blvd, Sebring','2025-01-15 17:35:42',NULL),(114,114,27.7942300,-82.6668170,'2024-09-13 11:17:50','2026-05-14 20:44:07','2026-05-14 20:44:07',1,97,'26014','1.0.8','2500 25th St N, St. Petersburg','2024-09-13 11:17:50',NULL),(115,115,27.7942330,-82.6668550,'2025-12-17 16:46:32','2026-05-14 20:44:07','2026-05-14 20:44:07',0,86,'26016','2.0.1','2480 25th St N, St. Petersburg','2025-12-16 08:44:27',NULL),(116,116,28.6396120,-81.1783220,'2024-07-10 05:45:58','2026-05-14 20:44:07','2026-05-14 20:44:07',1,127,'26013','1.0.5.2','1214 Moses Creek Ct, Oviedo','2023-02-02 11:53:43',NULL),(117,117,27.7941990,-82.6658400,'2024-06-24 12:16:47','2026-05-14 20:44:07','2026-05-14 20:44:07',0,112,'26012','2.0.1','2450 25th St N, St. Petersburg','2024-06-21 12:19:50',NULL),(118,118,28.7334710,-81.3203890,'2025-03-11 10:28:27','2026-05-14 20:44:07','2026-05-14 20:44:07',1,100,'26015','1.0.6','GSM: 1645 24th Ave N, St. Petersburg','2024-10-13 11:24:33',NULL),(119,119,27.7943670,-82.6669850,'2023-08-08 10:05:26','2026-05-14 20:44:07','2026-05-14 20:44:07',1,89,'26017','2.0.1','2500 25th St N, St. Petersburg','2023-08-08 10:05:26',NULL),(120,120,28.5581990,-81.2557600,'2025-11-24 18:49:57','2026-05-14 20:44:07','2026-05-14 20:44:07',1,123,'26018','1.0.6','9414 Brackin St, Orlando','2025-10-11 21:27:02',NULL),(121,121,27.7940160,-82.6668620,'2024-04-11 10:59:00','2026-05-14 20:44:07','2026-05-14 20:44:07',0,100,'26019','2.0.1','2440 25th St N, St. Petersburg','2024-04-11 10:59:00',NULL),(122,122,28.7162590,-81.3314290,'2024-11-08 20:40:07','2026-05-14 20:44:07','2026-05-14 20:44:07',1,119,'26031','1.0.8.0','767 Meadowlark Ct, Longwood','2024-11-07 14:29:10',NULL),(123,123,28.4461560,-81.3485110,'2022-08-22 18:31:04','2026-05-14 20:44:07','2026-05-14 20:44:07',0,103,'26032','1.0.8','8407 Boggy Creek Rd, Orlando','2022-07-29 20:55:40',NULL),(124,124,27.7937790,-82.6670150,'2024-09-05 11:47:03','2026-05-14 20:44:07','2026-05-14 20:44:07',1,106,'26020','2.0.1','2400 25th St N, St. Petersburg','2024-09-05 11:47:03',NULL),(125,125,27.7940920,-82.6668780,'2026-02-12 12:17:40','2026-05-14 20:44:07','2026-05-14 20:44:07',1,98,'26034','1.0.5.2','2480 25th St N, St. Petersburg','2026-02-12 12:17:40',NULL),(126,126,27.7919940,-82.6554340,'2025-02-18 14:05:17','2026-05-14 20:44:07','2026-05-14 20:44:07',1,112,'26035','1.0.8','22nd Ave N + 16th St N, St. Petersburg','2025-02-18 14:05:17',NULL),(127,127,28.6823410,-81.3441010,'2025-10-25 10:00:58','2026-05-14 20:44:07','2026-05-14 20:44:07',0,94,'26033','2.0.1','150 Progress Energy Way, Longwood','2025-10-22 10:04:55',NULL),(128,128,27.7939510,-82.6669920,'2025-06-18 05:32:13','2026-05-14 20:44:07','2026-05-14 20:44:07',1,89,'26036','2.0.1','2440 25th St N, St. Petersburg','2025-06-18 05:32:13',NULL),(129,129,28.6604690,-81.3323900,'2026-02-22 10:06:34','2026-05-14 20:44:07','2026-05-14 20:44:07',1,97,'26038','1.0.5.2','GSM: VWV5+6J Wiggins, MS','2026-02-22 10:06:34',NULL),(130,130,28.6273840,-81.2423320,'2025-07-06 02:06:18','2026-05-14 20:44:07','2026-05-14 20:44:07',0,101,'26037','1.0.5.2','GSM: VWV5+6J Wiggins, MS','2025-06-30 01:35:41',NULL),(131,131,30.5486410,-83.8572240,'2021-09-05 23:43:43','2026-05-14 20:44:07','2026-05-14 20:44:07',0,93.74,'26044','1.0.5.2','405 Quail Rd, Monticello','2021-04-19 14:30:21',NULL),(132,132,30.4747070,-83.4259950,'2025-11-09 16:58:04','2026-05-14 20:44:07','2026-05-14 20:44:07',0,126,'26043','1.0.5.2','134 Sentinel Ln, Madison','2025-11-09 16:58:04',NULL),(133,133,30.1416090,-83.5681150,'2024-01-28 16:46:41','2026-05-14 20:44:07','2026-05-14 20:44:07',1,103,'26042','1.0.5.2','1185 Morgan Whiddon Rd, Perry','2024-01-27 10:38:55',NULL),(134,134,30.5492230,-83.8573760,'2021-04-19 14:31:21','2026-05-14 20:44:07','2026-05-14 20:44:07',1,121.82,'26041','1.0.5.2','1295 Rocky Branch Rd, Monticello, FL 32344, USA','2021-04-19 14:31:21',NULL),(135,135,28.6697180,-81.3651430,'2024-09-06 03:53:19','2026-05-14 20:44:07','2026-05-14 20:44:07',1,121,'26040','1.0.5.2','556 Lake Ave, Altamonte Springs','2024-09-05 15:50:10',NULL),(136,136,28.5901170,-81.4156800,'2023-05-14 20:05:46','2026-05-14 20:44:07','2026-05-14 20:44:07',0,97,'26039','1.0.5.2','GSM: VWV5+6J Wiggins, MS','2022-11-07 10:07:18',NULL),(137,137,27.7941860,-82.6667330,'2021-10-27 16:31:02','2026-05-14 20:44:07','2026-05-14 20:44:07',0,91,'26047','1.0.5.2','SIM 2927 25th Ave N, St. Petersburg','2021-10-26 16:26:35',NULL),(138,138,30.5492480,-83.8573230,'2021-04-19 14:20:05','2026-05-14 20:44:07','2026-05-14 20:44:07',0,120.92,'26045','1.0.5.2','1295 Rocky Branch Rd, Monticello, FL 32344, USA','2021-04-19 14:04:46',NULL),(139,139,30.1118370,-84.4031750,'2023-05-26 15:24:30','2026-05-14 20:44:07','2026-05-14 20:44:07',0,101,'26049','1.0.5.2','GSM: 1510 Talleyrand Ave, Jacksonville','2023-05-16 22:07:19',NULL),(140,140,30.1168460,-84.3851850,'2021-04-19 11:56:54','2026-05-14 20:44:07','2026-05-14 20:44:07',0,135.5,'26048','1.0.5.2','23 Millender Ln, Crawfordville, FL 32327, USA','2021-04-19 11:56:54',NULL),(141,141,30.0204540,-84.3857570,'2024-09-26 10:37:10','2026-05-14 20:44:07','2026-05-14 20:44:07',1,138,'26050','1.0.5.2','15 Sandpiper Dr, Panacea','2024-09-26 10:37:10',NULL),(142,142,30.5065960,-84.0098110,'2025-07-30 08:55:41','2026-05-14 20:44:07','2026-05-14 20:44:07',0,146,'26046','1.0.5.2','1310 Hiawatha Farms Rd, Monticello','2025-07-30 08:55:41',NULL),(143,143,27.7941470,-82.6668620,'2026-03-16 19:19:29','2026-05-14 20:44:07','2026-05-14 20:44:07',0,87,'26059','2.0.1','2500 25th Ave N, St. Petersburg','2026-03-16 11:20:00',NULL),(144,144,28.7186240,-81.3353810,'2024-10-16 01:10:41','2026-05-14 20:44:07','2026-05-14 20:44:07',0,93,'26058','1.0.8.0','1698 Timocuan Way, Longwood','2024-10-14 17:12:10',NULL),(145,145,28.4919360,-81.2878270,'2025-03-06 11:52:28','2026-05-14 20:44:07','2026-05-14 20:44:07',0,119,'26060','1.0.8','7433 Molokai St, Orlando','2025-03-06 11:52:28',NULL),(146,146,28.7380260,-82.5424500,'2024-09-28 12:46:56','2026-05-14 20:44:07','2026-05-14 20:44:07',0,107,'26066','1.0.5.2','GSM: 4300 Marion County Rd, Lady Lake','2024-09-24 04:22:50','Transfer'),(147,147,28.5571460,-81.2543030,'2024-06-19 09:34:12','2026-05-14 20:44:07','2026-05-14 20:44:07',1,127,'26061','1.0.8','719 Oak Manor Cir, Orlando','2024-01-28 09:49:19',NULL),(148,148,28.6473500,-81.3254090,'2025-10-21 19:13:34','2026-05-14 20:44:07','2026-05-14 20:44:07',1,98,'26063','1.0.5.2','2112 Beacon Hill Ct, Casselberry','2025-10-21 19:13:34',NULL),(149,149,29.1015830,-82.0173800,'2024-11-08 11:56:50','2026-05-14 20:44:07','2026-05-14 20:44:07',0,144,'26056','1.0.5.2','7 Spring Pass Dr, Ocala','2024-11-08 11:56:50',NULL),(150,150,29.1527980,-82.0756000,'2025-12-15 07:59:05','2026-05-14 20:44:07','2026-05-14 20:44:07',0,83,'26052','2.0.1','GSM: County Rd 314 A, Silver Springs','2025-12-03 23:26:39',NULL),(151,151,28.9106940,-81.9267430,'2023-07-07 14:10:58','2026-05-14 20:44:07','2026-05-14 20:44:07',1,146,'26055','1.0.5.2','301 Woodland Trl, Lady Lake','2023-07-04 09:30:51',NULL),(152,152,30.0204470,-84.3858570,'2025-04-03 05:44:21','2026-05-14 20:44:07','2026-05-14 20:44:07',1,119,'26051','1.0.5.2','15 Sandpiper Dr, Panacea','2025-02-16 07:14:16',NULL),(153,153,27.7941650,-82.6668470,'2025-01-21 11:21:11','2026-05-14 20:44:07','2026-05-14 20:44:07',1,74,'26065','1.0.8','2480 25th St N, St. Petersburg','2025-01-21 11:21:11',NULL),(154,154,28.9157680,-81.9203640,'2025-11-01 06:21:39','2026-05-14 20:44:07','2026-05-14 20:44:07',1,111,'26054','1.0.5.2','114 E Lady Lake Blvd, Lady Lake','2025-11-01 06:21:39',NULL),(155,155,28.9179400,-82.0476910,'2025-09-27 05:17:04','2026-05-14 20:44:07','2026-05-14 20:44:07',1,109,'26053','1.0.5.2','3349 Truluck Pl, Oxford','2025-09-27 05:17:04',NULL),(156,156,28.5480380,-82.4096370,'2023-07-07 09:53:02','2026-05-14 20:44:07','2026-05-14 20:44:07',0,113,'26064','1.0.5.2','GSM: 4300 Marion County Rd, Lady Lake','2023-07-01 09:55:51',NULL),(157,157,28.5821970,-81.2594150,'2024-09-29 17:26:34','2026-05-14 20:44:07','2026-05-14 20:44:07',1,117,'26057','1.0.5.2','GSM: VWV5+6J Wiggins, MS','2024-09-29 17:26:34',NULL),(158,158,28.8815590,-82.5688170,'2023-06-25 15:29:32','2026-05-14 20:44:07','2026-05-14 20:44:07',0,112,'26062','1.0.5.2','GSM: 7CG6+RC Moon Lake Estates, FL','2023-06-20 07:15:34',NULL),(159,159,29.9139840,-85.3737950,'2025-06-14 18:35:41','2026-05-14 20:44:07','2026-05-14 20:44:07',1,132,'26070','1.0.5.2','104 Periwinkle Dr, Port St Joe','2025-05-07 15:39:28',NULL),(160,160,28.6781370,-81.2376630,'2025-04-06 12:24:12','2026-05-14 20:44:07','2026-05-14 20:44:07',0,109,'26075','1.0.5.2','GSM: VWV5+6J Wiggins, MS','2024-10-16 20:34:49',NULL),(161,161,29.9078410,-85.3644030,'2025-09-03 22:28:40','2026-05-14 20:44:07','2026-05-14 20:44:07',0,94,'26071','1.0.5.2','342 Ponce De Leon St, Port St Joe','2025-08-27 14:27:51',NULL),(162,162,27.7941650,-82.6667940,'2023-01-16 17:58:10','2026-05-14 20:44:07','2026-05-14 20:44:07',0,86,'26072','1.0.5.2','2480 25th St N, St. Petersburg','2023-01-16 09:57:20',NULL),(163,163,27.7941210,-82.6665120,'2025-01-21 09:03:35','2026-05-14 20:44:07','2026-05-14 20:44:07',0,88,'26074','2.0.1','2360 25th St N, St. Petersburg','2025-01-21 09:03:35',NULL),(164,164,28.9357800,-81.9641110,'2024-01-31 09:35:34','2026-05-14 20:44:07','2026-05-14 20:44:07',0,126,'26068','1.0.5.2','1655 Zadora Ln, The Villages','2024-01-31 09:35:34',NULL),(165,165,28.8854370,-82.0320510,'2022-07-20 13:05:42','2026-05-14 20:44:07','2026-05-14 20:44:07',0,101,'26069','1.0.5.2','4306 E Co Rd 462, Wildwood','2022-07-18 13:13:41',NULL),(166,166,29.0489750,-81.9307100,'2024-09-20 07:24:20','2026-05-14 20:44:07','2026-05-14 20:44:07',1,111,'26067','1.0.5.2','13397 SE 120th St, Ocklawaha','2024-09-20 07:24:20',NULL),(167,167,27.8343790,-82.6320650,'2025-02-26 02:57:56','2026-05-14 20:44:07','2026-05-14 20:44:07',1,101,'26076','1.0.5.2','6840 Mt Orange Dr NE, St. Petersburg','2025-02-02 16:32:21',NULL),(168,168,28.5549530,-82.3963850,'2024-04-24 19:29:04','2026-05-14 20:44:07','2026-05-14 20:44:07',0,94,'26073','1.0.5.2','648 Harvard St, Brooksville','2024-04-24 19:29:04',NULL),(169,169,28.6035040,-81.5523070,'2025-11-11 17:39:35','2026-05-14 20:44:07','2026-05-14 20:44:07',1,91,'26079','1.0.8.0','436 Scarlatti Ct, Ocoee','2025-11-11 17:39:35',NULL),(170,170,28.7032640,-81.2041850,'2026-04-26 05:58:18','2026-05-14 20:44:07','2026-05-14 20:44:07',0,87,'26080','2.0.1','2360 Black Hammock Rd, Oviedo','2026-04-25 13:58:03',NULL),(171,171,28.8297650,-82.3506160,'2024-05-12 16:43:04','2026-05-14 20:44:07','2026-05-14 20:44:07',1,127,'26078','2.0.1','413 Wilda Ave, Inverness','2024-04-29 15:16:01',NULL),(172,172,28.2640710,-82.4786150,'2024-10-07 00:19:01','2026-05-14 20:44:07','2026-05-14 20:44:07',1,119,'26077','1.0.5.2','GSM: 7CG6+RC Moon Lake Estates, FL','2024-10-07 00:19:01',NULL),(173,173,0.0000010,0.0000010,'2024-11-20 12:46:48','2026-05-14 20:44:07','2026-05-14 20:44:07',1,92,'26082','1.0.5.2','SIM: N/A use Coordinate','2022-05-04 11:20:16',NULL),(174,174,28.7863240,-82.6292650,'2024-11-06 07:48:29','2026-05-14 20:44:07','2026-05-14 20:44:07',0,129,'26081','1.0.5.2','11795 W Valley Spring Ln, Homosassa','2024-11-06 07:48:29',NULL),(175,175,28.6826630,-81.3441540,'2026-04-29 16:23:40','2026-05-14 20:44:07','2026-05-14 20:44:07',0,109,'26000','2.0.1','150 Progress Energy Way, Longwood','2026-04-27 16:27:22',NULL),(176,176,28.8705330,-81.3288270,'2026-02-25 13:08:20','2026-05-14 20:44:07','2026-05-14 20:44:07',1,127,'26005','1.0.5.2','441 Tallow Wood Cir, DeBary','2026-02-25 07:06:58',NULL),(177,177,27.7941610,-82.6670840,'2025-04-14 10:48:59','2026-05-14 20:44:07','2026-05-14 20:44:07',1,95,'26008','2.0.1','2440 25th St N, St. Petersburg','2025-04-14 10:48:59',NULL),(178,178,28.4269810,-81.5048980,'2024-08-29 14:54:12','2026-05-14 20:44:07','2026-05-14 20:44:07',1,127,'','1.0.5.4','9509 Wickham Way, Orlando','2024-08-10 19:22:37',NULL),(179,179,28.6181810,-81.2758870,'2026-04-13 14:56:59','2026-05-14 20:44:07','2026-05-14 20:44:07',1,133,'','1.0.8','5340 Mellow Palm Way, Winter Park','2025-10-25 05:01:58',NULL),(180,180,28.6486930,-81.3425830,'2025-07-07 09:45:05','2026-05-14 20:44:07','2026-05-14 20:44:07',0,123,'','1.0.8.0','479 Meadowood Blvd, Fern Park','2025-07-07 09:40:22',NULL),(181,181,28.6382270,-81.3320390,'2024-06-25 21:40:09','2026-05-14 20:44:07','2026-05-14 20:44:07',1,110,'','1.0.5.4','900 McGregor Way, Maitland','2024-06-24 09:34:43',NULL),(182,182,28.6327320,-81.3878330,'2023-10-17 08:54:49','2026-05-14 20:44:07','2026-05-14 20:44:07',1,101,'','1.0.8','FL-400, Maitland','2023-10-17 08:54:49',NULL),(183,183,28.4760700,-81.2453380,'2026-04-04 10:34:28','2026-05-14 20:44:07','2026-05-14 20:44:07',1,123,'','1.0.8','10139 Ridgebloom Ave, Orlando','2025-08-15 06:40:35',NULL),(184,184,28.8486900,-81.6541750,'2022-08-04 10:40:37','2026-05-14 20:44:07','2026-05-14 20:44:07',0,108,'','1.0.5.4','4 SE Fisher Ln Pl, Ocklawaha','2022-08-01 10:21:40',NULL),(185,185,28.7282750,-81.3808290,'2025-06-23 18:11:05','2026-05-14 20:44:07','2026-05-14 20:44:07',0,119,'','1.0.5.4','1738 Markham Glen Cir, Longwood','2025-06-23 13:18:49',NULL),(186,186,28.7032640,-81.2040180,'2023-03-11 09:11:33','2026-05-14 20:44:07','2026-05-14 20:44:07',1,110,'','1.0.8.0','SIM: N/A use Coordinate','2023-03-11 09:11:33',NULL),(187,187,28.5033290,-81.4040180,'2022-02-18 07:11:30','2026-05-14 20:44:07','2026-05-14 20:44:07',0,108,'','test','3900 Ravenwood Ave, Orlando','2021-12-22 10:16:36','Yard pickup'),(188,188,28.4930080,-81.3278500,'2023-04-26 08:40:31','2026-05-14 20:44:07','2026-05-14 20:44:07',0,94,'','2.0.1','4519 Ironstone Cir, Orlando','2023-04-03 10:57:20',NULL),(189,189,28.4939610,-81.3195040,'2022-10-31 04:16:21','2026-05-14 20:44:07','2026-05-14 20:44:07',1,108,'NA','1.0.4','5243 Formby Dr, Orlando','2022-10-17 04:39:23',NULL),(190,190,35.1232030,-80.8745120,'2021-10-28 13:37:39','2026-05-14 20:44:07','2026-05-14 20:44:07',0,78,'','1.0.3.6Ho','7980 Shady Oak Trail, Charlotte','2021-10-28 13:37:39',NULL),(191,191,28.8916420,-82.5940780,'2026-04-01 08:41:36','2026-05-14 20:44:07','2026-05-14 20:44:07',1,122,'26842','1.0.7.1','201 SW Kings Bay Dr, Crystal River','2026-03-23 07:32:53',NULL),(192,192,28.4991890,-82.4008940,'2024-03-20 17:06:51','2026-05-14 20:44:07','2026-05-14 20:44:07',1,81,'26843','1.0.8.0','4618 Hickory Oak Dr, Brooksville','2024-03-20 17:06:51',NULL),(193,193,28.8785110,-82.6050490,'2023-08-30 05:18:13','2026-05-14 20:44:07','2026-05-14 20:44:07',1,96,'26844','1.0.8.0','1046 N Stoney Point, Crystal River','2023-08-14 12:50:41',NULL),(194,194,27.7941490,-82.6668930,'2025-06-19 10:56:49','2026-05-14 20:44:07','2026-05-14 20:44:07',0,98,'26846','1.0.8.0','2440 25th St N, St. Petersburg','2025-06-19 10:56:49',NULL),(195,195,28.5550080,-82.3940050,'2024-10-19 16:35:05','2026-05-14 20:44:07','2026-05-14 20:44:07',1,112,'26847','1.0.8.0','GSM: 7CG6+RC Moon Lake Estates, FL','2024-10-11 14:55:13',NULL),(196,196,28.8453200,-82.3669130,'2026-04-22 04:23:41','2026-05-14 20:44:07','2026-05-14 20:44:07',0,89,'26848','1.0.8.0','517 Independence Hwy, Inverness','2025-09-03 18:39:51',NULL),(197,197,28.8977280,-82.5540700,'2026-04-06 02:54:28','2026-05-14 20:44:07','2026-05-14 20:44:07',0,79,'26849','2.0.1','2426 N Sunshine Path, Crystal River','2026-04-02 19:01:10',NULL),(198,198,28.8462030,-82.3631740,'2025-02-07 23:44:04','2026-05-14 20:44:07','2026-05-14 20:44:07',0,89,'26845','1.0.8.0','2512 Bluegrass St, Inverness','2025-02-07 23:44:04',NULL),(199,199,28.5421470,-82.3519060,'2025-09-03 15:45:43','2026-05-14 20:44:07','2026-05-14 20:44:07',0,108,'26853','1.0.7.1','GSM: 7CG6+RC Moon Lake, FL','2025-07-19 01:29:20',NULL),(200,200,16.0470790,108.2062300,'2026-06-10 06:56:09','2026-06-10 06:56:06','2026-06-10 06:56:09',1,131,'RUNNING','1.0.2','Kiệt 66, Phường Hòa Cường, Thành phố Đà Nẵng, 02363, Việt Nam','2026-06-10 06:56:09',NULL);
/*!40000 ALTER TABLE `device_states` ENABLE KEYS */;
UNLOCK TABLES;

--
-- Table structure for table `devices`
--

DROP TABLE IF EXISTS `devices`;
/*!40101 SET @saved_cs_client     = @@character_set_client */;
/*!50503 SET character_set_client = utf8mb4 */;
CREATE TABLE `devices` (
  `id` bigint unsigned NOT NULL AUTO_INCREMENT,
  `unit_id` varchar(255) COLLATE utf8mb4_unicode_ci NOT NULL,
  `serial` varchar(255) COLLATE utf8mb4_unicode_ci DEFAULT NULL,
  `opcenter_id` bigint unsigned NOT NULL,
  `status` tinyint NOT NULL DEFAULT '1',
  `created_at` timestamp NULL DEFAULT NULL,
  `updated_at` timestamp NULL DEFAULT NULL,
  `note` varchar(255) COLLATE utf8mb4_unicode_ci DEFAULT NULL,
  `legacy_device_id` int DEFAULT NULL,
  PRIMARY KEY (`id`),
  UNIQUE KEY `devices_unit_id_unique` (`unit_id`),
  UNIQUE KEY `devices_legacy_device_id_unique` (`legacy_device_id`),
  KEY `devices_opcenter_id_index` (`opcenter_id`),
  CONSTRAINT `devices_opcenter_id_foreign` FOREIGN KEY (`opcenter_id`) REFERENCES `opcenters` (`id`) ON DELETE CASCADE
) ENGINE=InnoDB AUTO_INCREMENT=201 DEFAULT CHARSET=utf8mb4 COLLATE=utf8mb4_unicode_ci;
/*!40101 SET character_set_client = @saved_cs_client */;

--
-- Dumping data for table `devices`
--

LOCK TABLES `devices` WRITE;
/*!40000 ALTER TABLE `devices` DISABLE KEYS */;
INSERT INTO `devices` VALUES (1,'DE000020','7S21001',2,1,'2026-05-14 20:44:06','2026-05-14 20:44:06','DC to AC |Unassigned Devices',34),(2,'DE00002b','7S21012',2,1,'2026-05-14 20:44:06','2026-05-14 20:44:06','In Transfer |St Pete',59),(3,'DE000068','APK21073',6,1,'2026-05-14 20:44:06','2026-05-14 20:44:06','AC to DC |St Pete',60),(4,'DE000052','BV21051',5,1,'2026-05-14 20:44:06','2026-05-14 20:44:06',NULL,61),(5,'DE000050','BV21049',5,1,'2026-05-14 20:44:06','2026-05-14 20:44:06','St Pete|Passed 101 days |In Transfer ',62);
/*!40000 ALTER TABLE `devices` ENABLE KEYS */;
UNLOCK TABLES;

--
-- Table structure for table `failed_jobs`
--

DROP TABLE IF EXISTS `failed_jobs`;
/*!40101 SET @saved_cs_client     = @@character_set_client */;
/*!50503 SET character_set_client = utf8mb4 */;
CREATE TABLE `failed_jobs` (
  `id` bigint unsigned NOT NULL AUTO_INCREMENT,
  `uuid` varchar(255) COLLATE utf8mb4_unicode_ci NOT NULL,
  `connection` text COLLATE utf8mb4_unicode_ci NOT NULL,
  `queue` text COLLATE utf8mb4_unicode_ci NOT NULL,
  `payload` longtext COLLATE utf8mb4_unicode_ci NOT NULL,
  `exception` longtext COLLATE utf8mb4_unicode_ci NOT NULL,
  `failed_at` timestamp NOT NULL DEFAULT CURRENT_TIMESTAMP,
  PRIMARY KEY (`id`),
  UNIQUE KEY `failed_jobs_uuid_unique` (`uuid`)
) ENGINE=InnoDB DEFAULT CHARSET=utf8mb4 COLLATE=utf8mb4_unicode_ci;
/*!40101 SET character_set_client = @saved_cs_client */;

--
-- Dumping data for table `failed_jobs`
--

LOCK TABLES `failed_jobs` WRITE;
/*!40000 ALTER TABLE `failed_jobs` DISABLE KEYS */;
/*!40000 ALTER TABLE `failed_jobs` ENABLE KEYS */;
UNLOCK TABLES;

--
-- Table structure for table `job_batches`
--

DROP TABLE IF EXISTS `job_batches`;
/*!40101 SET @saved_cs_client     = @@character_set_client */;
/*!50503 SET character_set_client = utf8mb4 */;
CREATE TABLE `job_batches` (
  `id` varchar(255) COLLATE utf8mb4_unicode_ci NOT NULL,
  `name` varchar(255) COLLATE utf8mb4_unicode_ci NOT NULL,
  `total_jobs` int NOT NULL,
  `pending_jobs` int NOT NULL,
  `failed_jobs` int NOT NULL,
  `failed_job_ids` longtext COLLATE utf8mb4_unicode_ci NOT NULL,
  `options` mediumtext COLLATE utf8mb4_unicode_ci,
  `cancelled_at` int DEFAULT NULL,
  `created_at` int NOT NULL,
  `finished_at` int DEFAULT NULL,
  PRIMARY KEY (`id`)
) ENGINE=InnoDB DEFAULT CHARSET=utf8mb4 COLLATE=utf8mb4_unicode_ci;
/*!40101 SET character_set_client = @saved_cs_client */;

--
-- Dumping data for table `job_batches`
--

LOCK TABLES `job_batches` WRITE;
/*!40000 ALTER TABLE `job_batches` DISABLE KEYS */;
/*!40000 ALTER TABLE `job_batches` ENABLE KEYS */;
UNLOCK TABLES;

--
-- Table structure for table `jobs`
--

DROP TABLE IF EXISTS `jobs`;
/*!40101 SET @saved_cs_client     = @@character_set_client */;
/*!50503 SET character_set_client = utf8mb4 */;
CREATE TABLE `jobs` (
  `id` bigint unsigned NOT NULL AUTO_INCREMENT,
  `queue` varchar(255) COLLATE utf8mb4_unicode_ci NOT NULL,
  `payload` longtext COLLATE utf8mb4_unicode_ci NOT NULL,
  `attempts` smallint unsigned NOT NULL,
  `reserved_at` int unsigned DEFAULT NULL,
  `available_at` int unsigned NOT NULL,
  `created_at` int unsigned NOT NULL,
  PRIMARY KEY (`id`),
  KEY `jobs_queue_index` (`queue`)
) ENGINE=InnoDB DEFAULT CHARSET=utf8mb4 COLLATE=utf8mb4_unicode_ci;
/*!40101 SET character_set_client = @saved_cs_client */;

--
-- Dumping data for table `jobs`
--

LOCK TABLES `jobs` WRITE;
/*!40000 ALTER TABLE `jobs` DISABLE KEYS */;
/*!40000 ALTER TABLE `jobs` ENABLE KEYS */;
UNLOCK TABLES;

--
-- Table structure for table `migrations`
--

DROP TABLE IF EXISTS `migrations`;
/*!40101 SET @saved_cs_client     = @@character_set_client */;
/*!50503 SET character_set_client = utf8mb4 */;
CREATE TABLE `migrations` (
  `id` int unsigned NOT NULL AUTO_INCREMENT,
  `migration` varchar(255) COLLATE utf8mb4_unicode_ci NOT NULL,
  `batch` int NOT NULL,
  PRIMARY KEY (`id`)
) ENGINE=InnoDB AUTO_INCREMENT=18 DEFAULT CHARSET=utf8mb4 COLLATE=utf8mb4_unicode_ci;
/*!40101 SET character_set_client = @saved_cs_client */;

--
-- Dumping data for table `migrations`
--

LOCK TABLES `migrations` WRITE;
/*!40000 ALTER TABLE `migrations` DISABLE KEYS */;
INSERT INTO `migrations` VALUES (1,'0001_01_01_000000_create_users_table',1),(2,'0001_01_01_000001_create_cache_table',1),(3,'0001_01_01_000002_create_jobs_table',1),(4,'2026_05_06_063516_create_permission_tables',1),(5,'2026_05_06_063533_create_personal_access_tokens_table',1),(6,'2026_05_06_063537_create_opcenters_table',1),(7,'2026_05_06_063653_create_devices_table',1),(8,'2026_05_06_063710_create_device_states_table',1),(9,'2026_05_06_063723_create_user_opcenters_table',1),(10,'2026_05_07_034525_update_device_states_table',1),(11,'2026_05_07_034646_create_device_histories_table',1),(12,'2026_05_07_101825_update_devices_table',1),(13,'2026_05_07_101837_update_device_states_table',1),(14,'2026_05_12_171610_add_legacy_columns',1),(15,'2026_05_13_015803_create_tickets_table',1),(16,'2026_05_13_104329_add_legacy_ticket_id_to_tickets_table',1),(17,'2026_05_13_105535_alter_ticket_coordinates_nullable',1);
/*!40000 ALTER TABLE `migrations` ENABLE KEYS */;
UNLOCK TABLES;

--
-- Table structure for table `model_has_permissions`
--

DROP TABLE IF EXISTS `model_has_permissions`;
/*!40101 SET @saved_cs_client     = @@character_set_client */;
/*!50503 SET character_set_client = utf8mb4 */;
CREATE TABLE `model_has_permissions` (
  `permission_id` bigint unsigned NOT NULL,
  `model_type` varchar(255) COLLATE utf8mb4_unicode_ci NOT NULL,
  `model_id` bigint unsigned NOT NULL,
  PRIMARY KEY (`permission_id`,`model_id`,`model_type`),
  KEY `model_has_permissions_model_id_model_type_index` (`model_id`,`model_type`),
  CONSTRAINT `model_has_permissions_permission_id_foreign` FOREIGN KEY (`permission_id`) REFERENCES `permissions` (`id`) ON DELETE CASCADE
) ENGINE=InnoDB DEFAULT CHARSET=utf8mb4 COLLATE=utf8mb4_unicode_ci;
/*!40101 SET character_set_client = @saved_cs_client */;

--
-- Dumping data for table `model_has_permissions`
--

LOCK TABLES `model_has_permissions` WRITE;
/*!40000 ALTER TABLE `model_has_permissions` DISABLE KEYS */;
/*!40000 ALTER TABLE `model_has_permissions` ENABLE KEYS */;
UNLOCK TABLES;

--
-- Table structure for table `model_has_roles`
--

DROP TABLE IF EXISTS `model_has_roles`;
/*!40101 SET @saved_cs_client     = @@character_set_client */;
/*!50503 SET character_set_client = utf8mb4 */;
CREATE TABLE `model_has_roles` (
  `role_id` bigint unsigned NOT NULL,
  `model_type` varchar(255) COLLATE utf8mb4_unicode_ci NOT NULL,
  `model_id` bigint unsigned NOT NULL,
  PRIMARY KEY (`role_id`,`model_id`,`model_type`),
  KEY `model_has_roles_model_id_model_type_index` (`model_id`,`model_type`),
  CONSTRAINT `model_has_roles_role_id_foreign` FOREIGN KEY (`role_id`) REFERENCES `roles` (`id`) ON DELETE CASCADE
) ENGINE=InnoDB DEFAULT CHARSET=utf8mb4 COLLATE=utf8mb4_unicode_ci;
/*!40101 SET character_set_client = @saved_cs_client */;

--
-- Dumping data for table `model_has_roles`
--

LOCK TABLES `model_has_roles` WRITE;
/*!40000 ALTER TABLE `model_has_roles` DISABLE KEYS */;
INSERT INTO `model_has_roles` VALUES (1,'App\\Models\\User',1),(1,'App\\Models\\User',2),(2,'App\\Models\\User',3),(2,'App\\Models\\User',4),(2,'App\\Models\\User',5),(2,'App\\Models\\User',6),(2,'App\\Models\\User',7),(2,'App\\Models\\User',8),(2,'App\\Models\\User',9),(2,'App\\Models\\User',10),(2,'App\\Models\\User',11),(2,'App\\Models\\User',12),(2,'App\\Models\\User',13),(2,'App\\Models\\User',14),(2,'App\\Models\\User',15),(2,'App\\Models\\User',16),(2,'App\\Models\\User',17),(2,'App\\Models\\User',18),(2,'App\\Models\\User',19),(2,'App\\Models\\User',20),(2,'App\\Models\\User',21),(2,'App\\Models\\User',22),(2,'App\\Models\\User',23),(2,'App\\Models\\User',24),(2,'App\\Models\\User',25),(2,'App\\Models\\User',26),(2,'App\\Models\\User',27),(2,'App\\Models\\User',28),(2,'App\\Models\\User',29),(2,'App\\Models\\User',30),(2,'App\\Models\\User',31),(2,'App\\Models\\User',32),(2,'App\\Models\\User',33),(2,'App\\Models\\User',34),(2,'App\\Models\\User',35),(2,'App\\Models\\User',36),(2,'App\\Models\\User',37),(2,'App\\Models\\User',38),(2,'App\\Models\\User',39),(2,'App\\Models\\User',40),(2,'App\\Models\\User',41),(2,'App\\Models\\User',42),(2,'App\\Models\\User',43),(2,'App\\Models\\User',44),(2,'App\\Models\\User',45),(2,'App\\Models\\User',46),(2,'App\\Models\\User',47),(2,'App\\Models\\User',48),(2,'App\\Models\\User',49);
/*!40000 ALTER TABLE `model_has_roles` ENABLE KEYS */;
UNLOCK TABLES;

--
-- Table structure for table `opcenters`
--

DROP TABLE IF EXISTS `opcenters`;
/*!40101 SET @saved_cs_client     = @@character_set_client */;
/*!50503 SET character_set_client = utf8mb4 */;
CREATE TABLE `opcenters` (
  `id` bigint unsigned NOT NULL AUTO_INCREMENT,
  `name` varchar(255) COLLATE utf8mb4_unicode_ci NOT NULL,
  `created_at` timestamp NULL DEFAULT NULL,
  `updated_at` timestamp NULL DEFAULT NULL,
  `legacy_group_id` int DEFAULT NULL,
  PRIMARY KEY (`id`),
  UNIQUE KEY `opcenters_legacy_group_id_unique` (`legacy_group_id`)
) ENGINE=InnoDB AUTO_INCREMENT=26 DEFAULT CHARSET=utf8mb4 COLLATE=utf8mb4_unicode_ci;
/*!40101 SET character_set_client = @saved_cs_client */;

--
-- Dumping data for table `opcenters`
--

LOCK TABLES `opcenters` WRITE;
/*!40000 ALTER TABLE `opcenters` DISABLE KEYS */;
INSERT INTO `opcenters` VALUES (1,'Unassigned Devices','2026-05-14 20:44:06','2026-05-14 20:44:06',1),(2,'7Spring','2026-05-14 20:44:06','2026-05-14 20:44:06',2),(3,'SEO','2026-05-14 20:44:06','2026-05-14 20:44:06',3),(4,'St Pete','2026-05-14 20:44:06','2026-05-14 20:44:06',4),(5,'Buena Vista','2026-05-14 20:44:06','2026-05-14 20:44:06',5),(6,'Apopka','2026-05-14 20:44:06','2026-05-14 20:44:06',6),(7,'Lake Wales','2026-05-14 20:44:06','2026-05-14 20:44:06',7),(8,'Deland','2026-05-14 20:44:06','2026-05-14 20:44:06',8),(9,'Highlands','2026-05-14 20:44:06','2026-05-14 20:44:06',9),(10,'Jamestown','2026-05-14 20:44:06','2026-05-14 20:44:06',10),(11,'Longwood','2026-05-14 20:44:06','2026-05-14 20:44:06',11),(12,'Monticello','2026-05-14 20:44:06','2026-05-14 20:44:06',12),(13,'Crawfordville','2026-05-14 20:44:06','2026-05-14 20:44:06',13),(14,'Wildwood','2026-05-14 20:44:06','2026-05-14 20:44:06',14),(15,'Inverness','2026-05-14 20:44:06','2026-05-14 20:44:06',15),(16,'Ocala','2026-05-14 20:44:06','2026-05-14 20:44:06',16),(17,'Odena','2026-05-14 20:44:06','2026-05-14 20:44:06',17),(18,'Brooksville','2026-05-14 20:44:06','2026-05-14 20:44:06',18),(19,'Zephyrhill','2026-05-14 20:44:06','2026-05-14 20:44:06',19),(20,'Eustis','2026-05-14 20:44:06','2026-05-14 20:44:06',20),(21,'Dunnellon','2026-05-14 20:44:06','2026-05-14 20:44:06',21),(22,'Clermont','2026-05-14 20:44:06','2026-05-14 20:44:06',22),(23,'Clearwater','2026-05-14 20:44:06','2026-05-14 20:44:06',23),(24,'Walsingham','2026-05-14 20:44:06','2026-05-14 20:44:06',24),(25,'Winter Garden','2026-05-14 20:44:06','2026-05-14 20:44:06',25);
/*!40000 ALTER TABLE `opcenters` ENABLE KEYS */;
UNLOCK TABLES;

--
-- Table structure for table `password_reset_tokens`
--

DROP TABLE IF EXISTS `password_reset_tokens`;
/*!40101 SET @saved_cs_client     = @@character_set_client */;
/*!50503 SET character_set_client = utf8mb4 */;
CREATE TABLE `password_reset_tokens` (
  `email` varchar(255) COLLATE utf8mb4_unicode_ci NOT NULL,
  `token` varchar(255) COLLATE utf8mb4_unicode_ci NOT NULL,
  `created_at` timestamp NULL DEFAULT NULL,
  PRIMARY KEY (`email`)
) ENGINE=InnoDB DEFAULT CHARSET=utf8mb4 COLLATE=utf8mb4_unicode_ci;
/*!40101 SET character_set_client = @saved_cs_client */;

--
-- Dumping data for table `password_reset_tokens`
--

LOCK TABLES `password_reset_tokens` WRITE;
/*!40000 ALTER TABLE `password_reset_tokens` DISABLE KEYS */;
/*!40000 ALTER TABLE `password_reset_tokens` ENABLE KEYS */;
UNLOCK TABLES;

--
-- Table structure for table `permissions`
--

DROP TABLE IF EXISTS `permissions`;
/*!40101 SET @saved_cs_client     = @@character_set_client */;
/*!50503 SET character_set_client = utf8mb4 */;
CREATE TABLE `permissions` (
  `id` bigint unsigned NOT NULL AUTO_INCREMENT,
  `name` varchar(255) COLLATE utf8mb4_unicode_ci NOT NULL,
  `guard_name` varchar(255) COLLATE utf8mb4_unicode_ci NOT NULL,
  `created_at` timestamp NULL DEFAULT NULL,
  `updated_at` timestamp NULL DEFAULT NULL,
  PRIMARY KEY (`id`),
  UNIQUE KEY `permissions_name_guard_name_unique` (`name`,`guard_name`)
) ENGINE=InnoDB DEFAULT CHARSET=utf8mb4 COLLATE=utf8mb4_unicode_ci;
/*!40101 SET character_set_client = @saved_cs_client */;

--
-- Dumping data for table `permissions`
--

LOCK TABLES `permissions` WRITE;
/*!40000 ALTER TABLE `permissions` DISABLE KEYS */;
/*!40000 ALTER TABLE `permissions` ENABLE KEYS */;
UNLOCK TABLES;

--
-- Table structure for table `personal_access_tokens`
--

DROP TABLE IF EXISTS `personal_access_tokens`;
/*!40101 SET @saved_cs_client     = @@character_set_client */;
/*!50503 SET character_set_client = utf8mb4 */;
CREATE TABLE `personal_access_tokens` (
  `id` bigint unsigned NOT NULL AUTO_INCREMENT,
  `tokenable_type` varchar(255) COLLATE utf8mb4_unicode_ci NOT NULL,
  `tokenable_id` bigint unsigned NOT NULL,
  `name` text COLLATE utf8mb4_unicode_ci NOT NULL,
  `token` varchar(64) COLLATE utf8mb4_unicode_ci NOT NULL,
  `abilities` text COLLATE utf8mb4_unicode_ci,
  `last_used_at` timestamp NULL DEFAULT NULL,
  `expires_at` timestamp NULL DEFAULT NULL,
  `created_at` timestamp NULL DEFAULT NULL,
  `updated_at` timestamp NULL DEFAULT NULL,
  PRIMARY KEY (`id`),
  UNIQUE KEY `personal_access_tokens_token_unique` (`token`),
  KEY `personal_access_tokens_tokenable_type_tokenable_id_index` (`tokenable_type`,`tokenable_id`),
  KEY `personal_access_tokens_expires_at_index` (`expires_at`)
) ENGINE=InnoDB AUTO_INCREMENT=3 DEFAULT CHARSET=utf8mb4 COLLATE=utf8mb4_unicode_ci;
/*!40101 SET character_set_client = @saved_cs_client */;

--
-- Dumping data for table `personal_access_tokens`
--

LOCK TABLES `personal_access_tokens` WRITE;
/*!40000 ALTER TABLE `personal_access_tokens` DISABLE KEYS */;
INSERT INTO `personal_access_tokens` VALUES (1,'App\\Models\\User',1,'auth_token','c4b86067616daf1b5e4baef6574eee46acd46d1a491763bc9a2579bcc6d52b97','[\"*\"]','2026-06-13 09:28:50',NULL,'2026-05-14 20:50:59','2026-06-13 09:28:50'),(2,'App\\Models\\User',1,'auth_token','c8a67007d95ff09b5da8db2739bf9f2e530ed5b4b86feb6e6a2d3f9ee2b18306','[\"*\"]','2026-06-10 06:56:23',NULL,'2026-06-10 06:54:37','2026-06-10 06:56:23');
/*!40000 ALTER TABLE `personal_access_tokens` ENABLE KEYS */;
UNLOCK TABLES;

--
-- Table structure for table `role_has_permissions`
--

DROP TABLE IF EXISTS `role_has_permissions`;
/*!40101 SET @saved_cs_client     = @@character_set_client */;
/*!50503 SET character_set_client = utf8mb4 */;
CREATE TABLE `role_has_permissions` (
  `permission_id` bigint unsigned NOT NULL,
  `role_id` bigint unsigned NOT NULL,
  PRIMARY KEY (`permission_id`,`role_id`),
  KEY `role_has_permissions_role_id_foreign` (`role_id`),
  CONSTRAINT `role_has_permissions_permission_id_foreign` FOREIGN KEY (`permission_id`) REFERENCES `permissions` (`id`) ON DELETE CASCADE,
  CONSTRAINT `role_has_permissions_role_id_foreign` FOREIGN KEY (`role_id`) REFERENCES `roles` (`id`) ON DELETE CASCADE
) ENGINE=InnoDB DEFAULT CHARSET=utf8mb4 COLLATE=utf8mb4_unicode_ci;
/*!40101 SET character_set_client = @saved_cs_client */;

--
-- Dumping data for table `role_has_permissions`
--

LOCK TABLES `role_has_permissions` WRITE;
/*!40000 ALTER TABLE `role_has_permissions` DISABLE KEYS */;
/*!40000 ALTER TABLE `role_has_permissions` ENABLE KEYS */;
UNLOCK TABLES;

--
-- Table structure for table `roles`
--

DROP TABLE IF EXISTS `roles`;
/*!40101 SET @saved_cs_client     = @@character_set_client */;
/*!50503 SET character_set_client = utf8mb4 */;
CREATE TABLE `roles` (
  `id` bigint unsigned NOT NULL AUTO_INCREMENT,
  `name` varchar(255) COLLATE utf8mb4_unicode_ci NOT NULL,
  `guard_name` varchar(255) COLLATE utf8mb4_unicode_ci NOT NULL,
  `created_at` timestamp NULL DEFAULT NULL,
  `updated_at` timestamp NULL DEFAULT NULL,
  PRIMARY KEY (`id`),
  UNIQUE KEY `roles_name_guard_name_unique` (`name`,`guard_name`)
) ENGINE=InnoDB AUTO_INCREMENT=3 DEFAULT CHARSET=utf8mb4 COLLATE=utf8mb4_unicode_ci;
/*!40101 SET character_set_client = @saved_cs_client */;

--
-- Dumping data for table `roles`
--

LOCK TABLES `roles` WRITE;
/*!40000 ALTER TABLE `roles` DISABLE KEYS */;
INSERT INTO `roles` VALUES (1,'superuser','web','2026-05-14 20:44:04','2026-05-14 20:44:04'),(2,'user','web','2026-05-14 20:44:04','2026-05-14 20:44:04');
/*!40000 ALTER TABLE `roles` ENABLE KEYS */;
UNLOCK TABLES;

--
-- Table structure for table `sessions`
--

DROP TABLE IF EXISTS `sessions`;
/*!40101 SET @saved_cs_client     = @@character_set_client */;
/*!50503 SET character_set_client = utf8mb4 */;
CREATE TABLE `sessions` (
  `id` varchar(255) COLLATE utf8mb4_unicode_ci NOT NULL,
  `user_id` bigint unsigned DEFAULT NULL,
  `ip_address` varchar(45) COLLATE utf8mb4_unicode_ci DEFAULT NULL,
  `user_agent` text COLLATE utf8mb4_unicode_ci,
  `payload` longtext COLLATE utf8mb4_unicode_ci NOT NULL,
  `last_activity` int NOT NULL,
  PRIMARY KEY (`id`),
  KEY `sessions_user_id_index` (`user_id`),
  KEY `sessions_last_activity_index` (`last_activity`)
) ENGINE=InnoDB DEFAULT CHARSET=utf8mb4 COLLATE=utf8mb4_unicode_ci;
/*!40101 SET character_set_client = @saved_cs_client */;

--
-- Dumping data for table `sessions`
--

LOCK TABLES `sessions` WRITE;
/*!40000 ALTER TABLE `sessions` DISABLE KEYS */;
INSERT INTO `sessions` VALUES ('2LvGaXsEMnQFuOyWll32XlEKcWd2jVPD3QXPHtmq',NULL,'127.0.0.1','Mozilla/5.0 (Windows NT 10.0; Win64; x64) AppleWebKit/537.36 (KHTML, like Gecko) Code/1.119.1 Chrome/142.0.7444.265 Electron/39.8.8 Safari/537.36','eyJfdG9rZW4iOiJ3eVFiSzRHQjRLc0R2SEhHaXJvdkpENTduZ09TcTdZM3VoSnlFSkNxIiwiX3ByZXZpb3VzIjp7InVybCI6Imh0dHBzOlwvXC9iYWNzb24tZ3BzLmFwcCIsInJvdXRlIjpudWxsfSwiX2ZsYXNoIjp7Im9sZCI6W10sIm5ldyI6W119fQ==',1778818226),('3oyFMbkYuUF8x5iqUoL67nFGRq8PdwUjJWd8ee3Q',NULL,'127.0.0.1','Mozilla/5.0 (Windows NT 10.0; Win64; x64) AppleWebKit/537.36 (KHTML, like Gecko) Code/1.119.1 Chrome/142.0.7444.265 Electron/39.8.8 Safari/537.36','eyJfdG9rZW4iOiJTQkhqUzFqbDA3RTNQbXdqYWdKNlZaVlFMQnhhMFFtZDBWZVpFMEhFIiwiX3ByZXZpb3VzIjp7InVybCI6Imh0dHA6XC9cLzEyNy4wLjAuMTo4MDAwIiwicm91dGUiOm51bGx9LCJfZmxhc2giOnsib2xkIjpbXSwibmV3IjpbXX19',1778818202),('jctT1xI1UyiVRuvkpLj9WT0V5NHNbAAeImANwdMA',NULL,'127.0.0.1','Mozilla/5.0 (Windows NT 10.0; Win64; x64) AppleWebKit/537.36 (KHTML, like Gecko) Chrome/148.0.0.0 Safari/537.36','eyJfdG9rZW4iOiJjZnUwM1RSUDVaVzZlckJiOHZSamcxd0o3ZGRUalRpMzRMdWkzTlF5IiwiX3ByZXZpb3VzIjp7InVybCI6Imh0dHBzOlwvXC9iYWNzb24tZ3BzLmFwcFwvdGlja2V0cyIsInJvdXRlIjpudWxsfSwiX2ZsYXNoIjp7Im9sZCI6W10sIm5ldyI6W119fQ==',1778820087),('KaJkPdCshxk0mlKxzaJUqhKKtE4eOrByTUuGp78E',NULL,'127.0.0.1','Mozilla/5.0 (Windows NT 10.0; Win64; x64) AppleWebKit/537.36 (KHTML, like Gecko) Chrome/149.0.0.0 Safari/537.36','eyJfdG9rZW4iOiJBZW5Ydms3S1FsZ0x0dTl0ZGtxSlJHYVJUQXBaWm5oNmdmQklMdXlNIiwiX3ByZXZpb3VzIjp7InVybCI6Imh0dHBzOlwvXC9iYWNzb24tZ3BzLmFwcFwvZGV2aWNlcyIsInJvdXRlIjpudWxsfSwiX2ZsYXNoIjp7Im9sZCI6W10sIm5ldyI6W119fQ==',1781368092),('tmyeH4GTvhdfJdqZgSzeg29vn83bfRZ7NJnIGpVc',NULL,'127.0.0.1','Mozilla/5.0 (Windows NT 10.0; Win64; x64) AppleWebKit/537.36 (KHTML, like Gecko) Chrome/149.0.0.0 Safari/537.36','eyJfdG9rZW4iOiJkNEE0eWp0TWRYQXlGdHVoakR4NmtYMkh0a0toMDhBOWhnbWlwNFdyIiwiX3ByZXZpb3VzIjp7InVybCI6Imh0dHBzOlwvXC9iYWNzb24tZ3BzLmFwcFwvZGV2aWNlcyIsInJvdXRlIjpudWxsfSwiX2ZsYXNoIjp7Im9sZCI6W10sIm5ldyI6W119fQ==',1781099775);
/*!40000 ALTER TABLE `sessions` ENABLE KEYS */;
UNLOCK TABLES;

--
-- Table structure for table `tickets`
--

DROP TABLE IF EXISTS `tickets`;
/*!40101 SET @saved_cs_client     = @@character_set_client */;
/*!50503 SET character_set_client = utf8mb4 */;
CREATE TABLE `tickets` (
  `id` bigint unsigned NOT NULL AUTO_INCREMENT,
  `legacy_ticket_id` bigint unsigned DEFAULT NULL,
  `opcenter_id` bigint unsigned NOT NULL,
  `device_id` bigint unsigned DEFAULT NULL,
  `created_by` bigint unsigned NOT NULL,
  `unit_id` varchar(255) COLLATE utf8mb4_unicode_ci NOT NULL,
  `truck_number` varchar(255) COLLATE utf8mb4_unicode_ci DEFAULT NULL,
  `meter_number` varchar(255) COLLATE utf8mb4_unicode_ci DEFAULT NULL,
  `address` text COLLATE utf8mb4_unicode_ci,
  `latitude` decimal(10,7) DEFAULT NULL,
  `longitude` decimal(10,7) DEFAULT NULL,
  `action` varchar(255) COLLATE utf8mb4_unicode_ci NOT NULL,
  `created_at` timestamp NULL DEFAULT NULL,
  `updated_at` timestamp NULL DEFAULT NULL,
  PRIMARY KEY (`id`),
  UNIQUE KEY `tickets_legacy_ticket_id_unique` (`legacy_ticket_id`),
  KEY `tickets_opcenter_id_foreign` (`opcenter_id`),
  KEY `tickets_device_id_foreign` (`device_id`),
  KEY `tickets_created_by_foreign` (`created_by`),
  CONSTRAINT `tickets_created_by_foreign` FOREIGN KEY (`created_by`) REFERENCES `users` (`id`) ON DELETE CASCADE,
  CONSTRAINT `tickets_device_id_foreign` FOREIGN KEY (`device_id`) REFERENCES `devices` (`id`) ON DELETE SET NULL,
  CONSTRAINT `tickets_opcenter_id_foreign` FOREIGN KEY (`opcenter_id`) REFERENCES `opcenters` (`id`) ON DELETE CASCADE
) ENGINE=InnoDB AUTO_INCREMENT=12 DEFAULT CHARSET=utf8mb4 COLLATE=utf8mb4_unicode_ci;
/*!40101 SET character_set_client = @saved_cs_client */;

--
-- Dumping data for table `tickets`
--

LOCK TABLES `tickets` WRITE;
/*!40000 ALTER TABLE `tickets` DISABLE KEYS */;
INSERT INTO `tickets` VALUES (1,4,2,1,1,'DE000020',NULL,NULL,'4115 St Lawrence Dr, New Port Richey',NULL,NULL,'Transfer','2021-11-27 18:10:09','2021-11-27 18:10:09'),(2,5,2,1,1,'DE000020',NULL,NULL,'4115 St Lawrence Dr, New Port Richey',NULL,NULL,'Install','2021-11-27 18:24:52','2021-11-27 18:24:52'),(3,6,15,146,1,'DE0000b8',NULL,NULL,NULL,NULL,NULL,'Transfer','2022-01-18 12:32:44','2022-01-18 12:32:44'),(4,11,5,44,1,'DE000051','8803','7977633','9FV8+J6 Lake Buena Vista, FL',NULL,NULL,'Transfer','2022-05-19 00:00:45','2022-05-19 00:00:45'),(5,12,5,44,1,'DE000051','8803','7977633','9FV8+J6 Lake Buena Vista, FL',NULL,NULL,'Transfer','2022-05-19 00:01:37','2022-05-19 00:01:37'),(6,13,5,68,1,'DE00005a','8803','8214908','8036 Jozee Cir, Orlando',NULL,NULL,'Transfer','2022-05-20 21:58:01','2022-05-20 21:58:01'),(7,14,5,62,1,'DE000055','8803','4335840','6557 Conroy Rd, Orlando',NULL,NULL,'Transfer','2022-05-24 16:18:19','2022-05-24 16:18:19'),(8,21,5,62,1,'DE000055','8803',NULL,'11467 S Orange Blossom Trl, Orlando',NULL,NULL,'Transfer','2022-06-21 17:45:33','2022-06-21 17:45:33'),(9,22,5,62,1,'DE000055','8803',NULL,'11467 S Orange Blossom Trl, Orlando',NULL,NULL,'Transfer','2022-06-21 18:09:19','2022-06-21 18:09:19'),(10,23,5,62,1,'DE000055',NULL,NULL,'11467 S Orange Blossom Trl, Orlando',NULL,NULL,'Transfer','2022-06-21 18:09:26','2022-06-21 18:09:26'),(11,24,5,62,1,'DE000055',NULL,NULL,'11467 S Orange Blossom Trl, Orlando',NULL,NULL,'Transfer','2022-06-21 18:09:33','2022-06-21 18:09:33');
/*!40000 ALTER TABLE `tickets` ENABLE KEYS */;
UNLOCK TABLES;

--
-- Table structure for table `user_opcenters`
--

DROP TABLE IF EXISTS `user_opcenters`;
/*!40101 SET @saved_cs_client     = @@character_set_client */;
/*!50503 SET character_set_client = utf8mb4 */;
CREATE TABLE `user_opcenters` (
  `id` bigint unsigned NOT NULL AUTO_INCREMENT,
  `user_id` bigint unsigned NOT NULL,
  `opcenter_id` bigint unsigned NOT NULL,
  PRIMARY KEY (`id`),
  UNIQUE KEY `user_opcenters_user_id_opcenter_id_unique` (`user_id`,`opcenter_id`),
  KEY `user_opcenters_opcenter_id_foreign` (`opcenter_id`),
  CONSTRAINT `user_opcenters_opcenter_id_foreign` FOREIGN KEY (`opcenter_id`) REFERENCES `opcenters` (`id`) ON DELETE CASCADE,
  CONSTRAINT `user_opcenters_user_id_foreign` FOREIGN KEY (`user_id`) REFERENCES `users` (`id`) ON DELETE CASCADE
) ENGINE=InnoDB DEFAULT CHARSET=utf8mb4 COLLATE=utf8mb4_unicode_ci;
/*!40101 SET character_set_client = @saved_cs_client */;

--
-- Dumping data for table `user_opcenters`
--

LOCK TABLES `user_opcenters` WRITE;
/*!40000 ALTER TABLE `user_opcenters` DISABLE KEYS */;
/*!40000 ALTER TABLE `user_opcenters` ENABLE KEYS */;
UNLOCK TABLES;

--
-- Table structure for table `users`
--

DROP TABLE IF EXISTS `users`;
/*!40101 SET @saved_cs_client     = @@character_set_client */;
/*!50503 SET character_set_client = utf8mb4 */;
CREATE TABLE `users` (
  `id` bigint unsigned NOT NULL AUTO_INCREMENT,
  `name` varchar(255) COLLATE utf8mb4_unicode_ci NOT NULL,
  `email` varchar(255) COLLATE utf8mb4_unicode_ci NOT NULL,
  `email_verified_at` timestamp NULL DEFAULT NULL,
  `password` varchar(255) COLLATE utf8mb4_unicode_ci NOT NULL,
  `remember_token` varchar(100) COLLATE utf8mb4_unicode_ci DEFAULT NULL,
  `created_at` timestamp NULL DEFAULT NULL,
  `updated_at` timestamp NULL DEFAULT NULL,
  `legacy_user_id` bigint DEFAULT NULL,
  PRIMARY KEY (`id`),
  UNIQUE KEY `users_email_unique` (`email`),
  UNIQUE KEY `users_legacy_user_id_unique` (`legacy_user_id`)
) ENGINE=InnoDB AUTO_INCREMENT=50 DEFAULT CHARSET=utf8mb4 COLLATE=utf8mb4_unicode_ci;
/*!40101 SET character_set_client = @saved_cs_client */;

--
-- Dumping data for table `users`
--

LOCK TABLES `users` WRITE;
/*!40000 ALTER TABLE `users` DISABLE KEYS */;
INSERT INTO `users` VALUES (1,'Super Admin','admin@gmail.com',NULL,'$2y$12$Tj.7ksIGjxev/U3radgPmew5jf.3fMHREA4M0gZ5aeNh3r8k5yFmq',NULL,'2026-05-14 20:44:04','2026-05-14 20:44:04',NULL),(2,'David Johnson','david.johnson8@duke-energy.com',NULL,'$2y$10$15wHB1BYOXAhGgWfS0IMcuWdFckzpbLbU0YUsUt0RXYMLtCHuf.bO',NULL,'2026-05-14 20:44:07','2026-05-14 20:44:07',3),(3,'Daniel Bernard','Daniel.Bernard@duke-energy.com',NULL,'$2y$10$kZJc6j0w0XZ2xSUG2sLGYOZ.gISLlq6WUOQQghd2e9376yjigvENq',NULL,'2026-05-14 20:44:07','2026-05-14 20:44:07',13),(4,'Kent Allen','kent.allen@duke-energy.com',NULL,'$2y$10$jYRbN734uCD3acO86.sTo./BD1OLUyw9mpr/5zld/Ur8CqID8QkX.',NULL,'2026-05-14 20:44:07','2026-05-14 20:44:07',14),(5,'Jarrod Robinson','jarrod.robinson@duke-energy.com',NULL,'$2y$10$U59PajvZMqHywU2Xfssa1.gbbywBLdm8/mB4txaz/Jh9kMbzzz5dG',NULL,'2026-05-14 20:44:07','2026-05-14 20:44:07',15),(6,'Victor Doctor','victor.doctor@duke-energy.com',NULL,'$2y$10$lAn0GqVu7GJ5Lb6NntIxTu8/p4vuv0ocmkiH0Pxitxg.dSEMPAPyq',NULL,'2026-05-14 20:44:07','2026-05-14 20:44:07',16),(7,'Adam Crowe','adam.crowe@duke-energy.com',NULL,'$2y$10$F.qiF1HOGGyxJLy70Jv2ouEQ7XAuTgN3WH0SVR4KfyvCUHjv4YIte',NULL,'2026-05-14 20:44:07','2026-05-14 20:44:07',17),(8,'Jose Proenza','Jose.proenza@duke-energy.com',NULL,'$2y$10$uHnSDwH/AK2LzcpTN8tece/zKeZdeZ5HW.ZXwpVrUgW6gKnwB1CTq',NULL,'2026-05-14 20:44:07','2026-05-14 20:44:07',19),(9,'Bruce Hardy','bruce.hardy@duke-energy.com',NULL,'$2y$10$zGoh17cZZ5CuZ6UX6Myk.u6AXgFV6sBQuR8nH5omyF7Im4rcVRA2.',NULL,'2026-05-14 20:44:07','2026-05-14 20:44:07',20),(10,'David Dolan','david.dolan@duke-energy.com',NULL,'$2y$10$AM9NPYrEgxdZT7VehasHJeYiGAF1/UtVVE3B2dd6.IRFnT7CsqmAu',NULL,'2026-05-14 20:44:07','2026-05-14 20:44:07',21),(11,'Gearald Searson','gearald.searson@duke-energy.com',NULL,'$2y$10$YZE47BP1xQ2cHjPD5Pjo6OKhWKG4iurwo2Utn36uBDiirErfWgr0q',NULL,'2026-05-14 20:44:07','2026-05-14 20:44:07',22),(12,'Chase Millender','chase.millender@duke-energy.com',NULL,'$2y$10$Yx1dkaIfeAnu2RUYyFQ0R.7eDNRp6Q43nhmMqiVxD3Nf1PfBrQBQi',NULL,'2026-05-14 20:44:07','2026-05-14 20:44:07',23),(13,'Ronald Crile','ronald.crile@duke-energy.com',NULL,'$2y$10$wTxNkRwSfhy/Vp1XgNEJu.xMSu1fzpGbBc8deTYBa8ku6Pez3bIvW',NULL,'2026-05-14 20:44:07','2026-05-14 20:44:07',24),(14,'Patrick Barfield','patrick.barfield@duke-energy.com',NULL,'$2y$10$m8JegG9M9iak6r.bNw5OyO8iuVf2eZ.cGzN9iCmyyYHhkIaTJ4tWa',NULL,'2026-05-14 20:44:07','2026-05-14 20:44:07',25),(15,'Joel Bernier','joel.bernier@duke-energy.com',NULL,'$2y$10$59pqlPxM.AvyN86qvHUAlu0s8/uLECkShpCZmDeoiH5uzRe.wDBrm',NULL,'2026-05-14 20:44:07','2026-05-14 20:44:07',26),(16,'Mark Moses','mark.moses@duke-energy.com',NULL,'$2y$10$X07IyPlpZfj37z.yS20bJOGvYoqlahMNlZfCdO4UW7nV2drgiW4na',NULL,'2026-05-14 20:44:07','2026-05-14 20:44:07',27),(17,'Dean Van Buren','dean.vanBuren@duke-energy.com',NULL,'$2y$10$NFc/VnLwbcrN9e.P/mTNxebL3IxrxuBtUv8Qf1A2cLw6z2IFlKTue',NULL,'2026-05-14 20:44:07','2026-05-14 20:44:07',28),(18,'Christopher Billek','Christopher.Billek@duke-energy.com',NULL,'$2y$10$FzCGg37A3NK5XL4YPrAaPeZJa1sBkKlBfEkrnXxBFNLoVghaa2XPK',NULL,'2026-05-14 20:44:07','2026-05-14 20:44:07',30),(19,'Michael Trudell','Michael.Trudell@duke-energy.com',NULL,'$2y$10$8MAH4vdAacFpCHQtECsXW.X8G28zVAjORLoe3E5nYs6yQhAEOY.oK',NULL,'2026-05-14 20:44:07','2026-05-14 20:44:07',31),(20,'Roy Mathis','Roy.Mathis@duke-energy.com',NULL,'$2y$10$LIHBd1PpxMLqXxSQi3BzGODTIWikrR9ZvdmDBex0Uv6OaYGt30TYu',NULL,'2026-05-14 20:44:07','2026-05-14 20:44:07',32),(21,'Lakewales@DE','lakewales@duke-energy.com',NULL,'$2y$10$UmyXK0ugX.SFeH09F.Rm8OMYRWaJFl5GFcUgubCbYO6gAjwDWFt6m',NULL,'2026-05-14 20:44:07','2026-05-14 20:44:07',33),(22,'Highland@DE','highland@duke-energy.com',NULL,'$2y$10$ElPAvvPnB9DSy6tnHKyXeexbbeSDQVWACK6Ej02EE7VzoRZvbbuz6',NULL,'2026-05-14 20:44:07','2026-05-14 20:44:07',34),(23,'LongWood@DE','longwood@duke-energy.com',NULL,'$2y$10$C3jMNLtgen8hcfPQOdbwj.bm7gmbaaTdFR.mSfDbdjrN.9RbWbfDa',NULL,'2026-05-14 20:44:07','2026-05-14 20:44:07',35),(24,'Apopka@DE','apopka@duke-energy.com',NULL,'$2y$10$x5q3VJY0s4ZnYyhcUBzerecqGrZIRz4Q0SK0ALLirk3W6S59YvhGW',NULL,'2026-05-14 20:44:07','2026-05-14 20:44:07',36),(25,'Ocala@DE','ocala@duke-energy.com',NULL,'$2y$10$856fDfh1LbgGDH0T/zNEieeRksSAkw4QgaGoMic6s8OKBTRV9bCM.',NULL,'2026-05-14 20:44:07','2026-05-14 20:44:07',37),(26,'Wildwood@DE','wildwood@duke-energy.com',NULL,'$2y$10$IbUHu.10xThGrqpyYTHbhuWKswdHT708ZZF9y6GKxfLnukq0H.MN2',NULL,'2026-05-14 20:44:07','2026-05-14 20:44:07',38),(27,'7Springs@DE','7springs@duke-energy.com',NULL,'$2y$10$wSfNLtSFoNS3Y0R9gFfhlOwJ6QNYJfc3PQLZGkEqDFvoLTgZs4GBm',NULL,'2026-05-14 20:44:07','2026-05-14 20:44:07',39),(28,'StPete@DE','stpete@duke-energy.com',NULL,'$2y$10$QOs4QlxMRi8h5Xo92Off8eiOhbSF3Hk.Ehc43JTfZOQZZkJMrUHmi',NULL,'2026-05-14 20:44:07','2026-05-14 20:44:07',40),(29,'BV@DE','bv@duke-energy.com',NULL,'$2y$10$boaBMOaDbRCFrH/OxODE3.2kTP24EpH9vrC9xX5mSox5t/ihb74ya',NULL,'2026-05-14 20:44:07','2026-05-14 20:44:07',41),(30,'Deland@DE','deland@duke-energy.com',NULL,'$2y$10$ukj5rDhxx12gvyyN2bSWzeVelVnIO1JdotgcUk/Yn7.jVrM2Te48y',NULL,'2026-05-14 20:44:07','2026-05-14 20:44:07',42),(31,'JTowns@DE','jtown@duke-energy.com',NULL,'$2y$10$s7gJEZmXgJVQoffCn7rz.O92UUflHByhtL8qsdQIdbgV2vo7kca6.',NULL,'2026-05-14 20:44:07','2026-05-14 20:44:07',43),(32,'Monticello@DE','monticello@duke-energy.com',NULL,'$2y$10$CnnnDh2shBFz1v9RWbSFkOoLkXbsDw2w/VNXuQ0WA7DbEJls73yl6',NULL,'2026-05-14 20:44:07','2026-05-14 20:44:07',44),(33,'Crawfordville@DE','crw@duke-energy.com',NULL,'$2y$10$nSLDIxqfUcb98p3LMoESgO9FPTGTSRX.Ytmfzrb3/VRuZ27/mD3na',NULL,'2026-05-14 20:44:07','2026-05-14 20:44:07',45),(34,'Inverness@DE','inverness@duke-energy.com',NULL,'$2y$10$rCCbXAjfXHWAMYke9AbGb.mgdyKx1uPBpKruKPWLQ87AfuXYxxnsG',NULL,'2026-05-14 20:44:07','2026-05-14 20:44:07',46),(35,'SEO@DE','seo@duke-energy.com',NULL,'$2y$10$/k9ePPP/pzEU7E0abEnS6u0ZiyvpxVjAJm29.bZ7t.6K4U0naRPie',NULL,'2026-05-14 20:44:07','2026-05-14 20:44:07',47),(36,'Odena@DE','odena@duke-energy.com',NULL,'$2y$10$IzdGp1cTsl3pmWCKXNecT.RMebMy9cpyxsxVdZL.vF3y5Boh7DoSW',NULL,'2026-05-14 20:44:07','2026-05-14 20:44:07',48),(37,'Brooksville@DE','brooksville@duke-energy.com',NULL,'$2y$10$ThfgjzXElnmI3..AFGhsmui7/PmXHvlk7Vi1TSgnwVqsNfxWSBJs6',NULL,'2026-05-14 20:44:07','2026-05-14 20:44:07',49),(38,'Zephyrhill@DE','zephyrhill@duke-energy.com',NULL,'$2y$10$6vEHT2upeNt6L4GHwrQHPux6.mFld.vM/F3fnhuRQkmpLmZyldKay',NULL,'2026-05-14 20:44:07','2026-05-14 20:44:07',50),(39,'Eustis@DE','eustis@duke-energy.com',NULL,'$2y$10$C437wqeM2gApI141B0Oo4OzM0pjvVflGwk6e2ZPjFphHFLHMjdFw.',NULL,'2026-05-14 20:44:07','2026-05-14 20:44:07',51),(40,'Dunnellon@DE','dunnellon@duke-energy.com',NULL,'$2y$10$zNNm2yHk.WvAEohTWtGhzOi8mgu4Cr7LIet8fgssWJb58pasEQu5W',NULL,'2026-05-14 20:44:07','2026-05-14 20:44:07',52),(41,'Grant Daniel','grant.daniel@duke-energy.com',NULL,'$2y$10$q3TtMNYS.HkO2L0iLb2hneGsKCs7nMhcyA57.i4uOniopXRvNKI0a',NULL,'2026-05-14 20:44:07','2026-05-14 20:44:07',53),(42,'Robert Ackerman','robert.ackerman3@duke-energy.com',NULL,'$2y$10$XGskROweq.jR2C0cSr0FIOYSNFM1jv9mLx6E2RqHvErKBTXIodxLC',NULL,'2026-05-14 20:44:07','2026-05-14 20:44:07',54),(43,'Clermont@DE','clermont@duke-energy.com',NULL,'$2y$10$FzLkQuah6QRpsSwdx4Zmo.qjYhAlNI89IpiJ/yrwI6t0lXSpf.Ayq',NULL,'2026-05-14 20:44:07','2026-05-14 20:44:07',56),(44,'Clearwater@DE','clearwater@duke-energy.com',NULL,'$2y$10$DemmoFIrlI5pkVvGA6LiqO5wecDU8SFyOdX9lr9iuUj06AyOAoPPW',NULL,'2026-05-14 20:44:07','2026-05-14 20:44:07',57),(45,'Walshingham@DE','walshingham@duke-energy.com',NULL,'$2y$10$XFCiTcPTTdcai38ayYsD7u5ewNO/PxDUkotDXEaCisGlFkrr4Db26',NULL,'2026-05-14 20:44:07','2026-05-14 20:44:07',58),(46,'WGarden@DE','wintergarden@duke-energy.com',NULL,'$2y$10$rahPUZEsxV3Xy/ZYKTAsGuUn9ai0D5yj10GUd6WvzDCqv5yR/zqvS',NULL,'2026-05-14 20:44:07','2026-05-14 20:44:07',59),(47,'ghecu','ghecu@hotmail.com',NULL,'$2y$10$ux/ROhXRkuAod7X6t43W1eDYSzdiNttFJiQOx7nsqKTvFj8BQNmS6',NULL,'2026-05-14 20:44:07','2026-05-14 20:44:07',60),(48,'MeterLab@DE','meterlab@duke-energy.com',NULL,'$2y$10$1xU5T9cc3KmISgSlafpUP.J7wbd22sinx4jWwlJyXxfaFbVWmZtOC',NULL,'2026-05-14 20:44:07','2026-05-14 20:44:07',63),(49,'Test User\'','test@example.com',NULL,'$2y$10$XU.exCYaeyYTjdFcowJGje6bnZkCrxpvyoEUEBDk0iibN7GsuRreK',NULL,'2026-05-14 20:44:07','2026-05-14 20:44:07',64);
/*!40000 ALTER TABLE `users` ENABLE KEYS */;
UNLOCK TABLES;
/*!40103 SET TIME_ZONE=@OLD_TIME_ZONE */;

/*!40101 SET SQL_MODE=@OLD_SQL_MODE */;
/*!40014 SET FOREIGN_KEY_CHECKS=@OLD_FOREIGN_KEY_CHECKS */;
/*!40014 SET UNIQUE_CHECKS=@OLD_UNIQUE_CHECKS */;
/*!40101 SET CHARACTER_SET_CLIENT=@OLD_CHARACTER_SET_CLIENT */;
/*!40101 SET CHARACTER_SET_RESULTS=@OLD_CHARACTER_SET_RESULTS */;
/*!40101 SET COLLATION_CONNECTION=@OLD_COLLATION_CONNECTION */;
/*!40111 SET SQL_NOTES=@OLD_SQL_NOTES */;

-- Dump completed on 2026-06-13 23:53:35
